Rank|Name|Yr|Pos|G|Att|Yards|Avg|TD|Att/G|Yards/G|TeamID|Year
1.0|Arion Worthman|JR|QB|7|163|642|3.94|12|23.29|91.71|721|2017
2.0|Tim McVey|SR|RB|7|81|519|6.41|6|11.57|74.14|721|2017
3.0|Ronald Cleveland|JR|WR|7|30|344|11.47|3|4.29|49.14|721|2017
4.0|Parker Wilson|JR|RB|7|44|200|4.55|0|6.29|28.57|721|2017
5.0|Nolan Eriksen|SO|RB|6|31|198|6.39|1|5.17|33.00|721|2017
6.0|Taven Birdow|SO|RB|4|36|160|4.44|1|9.00|40.00|721|2017
7.0|Jacob Stafford|SR|RB|7|21|93|4.43|0|3.00|13.29|721|2017
8.0|Garrett Amy|JR|WR|4|11|55|5.00|1|2.75|13.75|721|2017
9.0|Nate Romine|SR|QB|3|3|44|14.67|0|1.00|14.67|721|2017
10.0|Malik Miller|JR|RB|4|7|33|4.71|1|1.75|8.25|721|2017
11.0|Aubrey Duty-Tyson|SR|RB|1|5|32|6.40|1|5.00|32.00|721|2017
12.0|Jake LaCoste|SR|WR|1|2|26|13.00|0|2.00|26.00|721|2017
13.0|Mike Schmidt|||1|1|21|21.00|0|1.00|21.00|721|2017
14.0|Christian Mallard|SO|RB|3|4|21|5.25|1|1.33|7.00|721|2017
15.0|D'Morea Wicks|SO|WR|1|2|14|7.00|0|2.00|14.00|721|2017
16.0|Isaiah Sanders|SO|QB|1|2|11|5.50|0|2.00|11.00|721|2017
17.0|Colton Parton|SO|LB|1|4|11|2.75|0|4.00|11.00|721|2017
18.0|Cole Fagan|SO|RB|5|3|9|3.00|0|0.60|1.80|721|2017
19.0|Benton Washington|SR|RB|2|1|5|5.00|0|0.50|2.50|721|2017
20.0|Tyler Williams|SR|WR|4|2|3|1.50|0|0.50|0.75|721|2017
21.0|Geraud Sanders|SO|WR|7|0|2|-|0|-|-|721|2017
22.0|Andrew Smith|JR|WR|2|2|2|1.00|0|1.00|1.00|721|2017
23.0|Charlie Scott|SO||7|1|-23|-23.00|0|0.14|-3.29|721|2017
24.0|Team|||4|7|-26|-3.71|0|1.75|-6.50|721|2017
|Total|||7|463|2390|5.16|27|66.14|341.43|721|2017
|Opponents|||7|268|1689|6.30|19|38.29|241.29|721|2017
1.0|Warren Ball|SR|RB|5|75|332|4.43|4|15.00|66.40|5|2017
2.0|Van Edwards, Jr.|JR|RB|8|63|215|3.41|2|7.88|26.88|5|2017
3.0|Manny Morgan|SR|RB|8|47|184|3.91|1|5.88|23.00|5|2017
4.0|Deltron Sands|SO|RB|8|18|103|5.72|2|2.25|12.88|5|2017
5.0|Kato Nelson|FR|QB|5|19|89|4.68|0|3.80|17.80|5|2017
6.0|Chuck Turfe|SO|RB|6|2|14|7.00|0|0.33|2.33|5|2017
7.0|Andre Williams|FR|WR|6|1|7|7.00|0|0.17|1.17|5|2017
8.0|Thomas Woodson|SR|QB|8|38|-25|-0.66|1|4.75|-3.13|5|2017
|Total|||8|263|919|3.49|10|32.88|114.88|5|2017
|Opponents|||8|315|1541|4.89|11|39.38|192.63|5|2017
1.0|Damien Harris|JR|RB|8|81|697|8.60|10|10.13|87.13|8|2017
2.0|Jalen Hurts|SO|QB|8|84|572|6.81|6|10.50|71.50|8|2017
3.0|Bo Scarbrough|JR|RB|8|81|377|4.65|6|10.13|47.13|8|2017
4.0|Najee Harris|FR|RB|8|49|282|5.76|2|6.13|35.25|8|2017
5.0|Josh Jacobs|SO|RB|6|24|171|7.13|0|4.00|28.50|8|2017
6.0|Brian Robinson Jr.|FR|RB|5|17|115|6.76|1|3.40|23.00|8|2017
7.0|Tua Tagovailoa|FR|QB|7|12|95|7.92|2|1.71|13.57|8|2017
8.0|Ronnie Clark|JR|RB|4|17|86|5.06|1|4.25|21.50|8|2017
9.0|Calvin Ridley|JR|WR|8|2|17|8.50|0|0.25|2.13|8|2017
10.0|Team|||6|10|-22|-2.20|0|1.67|-3.67|8|2017
|Total|||8|377|2390|6.34|28|47.13|298.75|8|2017
|Opponents|||8|230|531|2.31|2|28.75|66.38|8|2017
1.0|Jalin Moore|JR|RB|7|91|449|4.93|4|13.00|64.14|27|2017
2.0|Terrence Upshaw|SR|RB|6|68|314|4.62|4|11.33|52.33|27|2017
3.0|Taylor Lamb|SR|QB|7|42|279|6.64|2|6.00|39.86|27|2017
4.0|Marcus Williams Jr.|FR|RB|3|24|124|5.17|2|8.00|41.33|27|2017
5.0|Zac Thomas|FR|QB|2|6|32|5.33|0|3.00|16.00|27|2017
6.0|DeMarcus Harper|FR|RB|1|3|28|9.33|0|3.00|28.00|27|2017
7.0|De'Vonta Smith|FR|RB|1|6|15|2.50|0|6.00|15.00|27|2017
8.0|Malik Williams|FR|WR|7|3|8|2.67|0|0.43|1.14|27|2017
9.0|Daetrich Harrington|FR|RB|3|3|7|2.33|0|1.00|2.33|27|2017
10.0|Jacob Huesman|FR|QB|1|1|2|2.00|0|1.00|2.00|27|2017
11.0|Ike Lewis|SR|WR|7|1|-5|-5.00|0|0.14|-0.71|27|2017
12.0|Team|||5|6|-12|-2.00|0|1.20|-2.40|27|2017
|Total|||7|254|1241|4.89|12|36.29|177.29|27|2017
|Opponents|||7|262|981|3.74|6|37.43|140.14|27|2017
1.0|Khalil Tate|SO|QB|5|56|780|13.93|7|11.20|156.00|29|2017
2.0|J.J. Taylor|FR|RB|7|78|366|4.69|2|11.14|52.29|29|2017
3.0|Brandon Dawkins|JR|QB|5|56|358|6.39|6|11.20|71.60|29|2017
4.0|Nick Wilson|SR|RB|6|69|353|5.12|3|11.50|58.83|29|2017
5.0|Zach Green|SR|RB|7|47|266|5.66|5|6.71|38.00|29|2017
6.0|Nathan Tilford|FR|RB|6|12|116|9.67|2|2.00|19.33|29|2017
7.0|Tyrell Johnson|SR|WR|7|3|79|26.33|1|0.43|11.29|29|2017
8.0|Branden Leon|SO|RB|7|12|67|5.58|1|1.71|9.57|29|2017
9.0|Shun Brown|JR|WR|7|1|22|22.00|0|0.14|3.14|29|2017
10.0|Rhett Rodriguez|FR|QB|2|4|-1|-0.25|1|2.00|-0.50|29|2017
11.0|Team|||4|4|-7|-1.75|0|1.00|-1.75|29|2017
|Total|||7|342|2399|7.01|28|48.86|342.71|29|2017
|Opponents|||7|274|1134|4.14|17|39.14|162.00|29|2017
1.0|Kalen Ballage|SR|RB|7|93|378|4.06|5|13.29|54.00|28|2017
2.0|Demario Richard|SR|RB|6|85|309|3.64|5|14.17|51.50|28|2017
3.0|Kyle Williams|SO|WR|7|6|76|12.67|0|0.86|10.86|28|2017
4.0|Manny Wilkins|JR|QB|7|72|65|0.90|3|10.29|9.29|28|2017
5.0|N'Keal Harry|SO|WR|7|11|47|4.27|0|1.57|6.71|28|2017
6.0|Frank Darby|FR|WR|6|1|21|21.00|1|0.17|3.50|28|2017
7.0|Nick Ralston|SO|RB|7|3|18|6.00|0|0.43|2.57|28|2017
8.0|Eno Benjamin|FR|RB|4|8|13|1.63|0|2.00|3.25|28|2017
9.0|Trelon Smith|FR|RB|3|1|4|4.00|0|0.33|1.33|28|2017
10.0|Jalen Harvey|JR|WR|7|1|2|2.00|0|0.14|0.29|28|2017
11.0|Mark Cosgrove|JR|RB|1|1|0|0.00|0|1.00|0.00|28|2017
12.0|Blake Barnett|SO|QB|2|1|-3|-3.00|0|0.50|-1.50|28|2017
13.0|Ryan Newsome|SO|WR|5|1|-10|-10.00|0|0.20|-2.00|28|2017
14.0|Team|||5|8|-23|-2.88|0|1.60|-4.60|28|2017
|Total|||7|292|897|3.07|14|41.71|128.14|28|2017
|Opponents|||7|221|1154|5.22|11|31.57|164.86|28|2017
1.0|Chase Hayden|FR|RB|7|61|326|5.34|4|8.71|46.57|31|2017
2.0|David Williams|SR|RB|7|67|326|4.87|5|9.57|46.57|31|2017
3.0|Devwah Whaley|SO|RB|7|68|295|4.34|3|9.71|42.14|31|2017
4.0|Jordan Jones|FR|WR|7|5|73|14.60|0|0.71|10.43|31|2017
5.0|T.J. Hammonds|SO|WR|7|7|56|8.00|0|1.00|8.00|31|2017
6.0|Cole Kelley|FR|QB|6|35|46|1.31|0|5.83|7.67|31|2017
7.0|Jonathan Nance|JR|WR|7|2|16|8.00|0|0.29|2.29|31|2017
8.0|Deon Stewart|SO|WR|7|5|4|0.80|0|0.71|0.57|31|2017
9.0|Kendrick Jackson|JR|RB|6|1|0|0.00|0|0.17|0.00|31|2017
10.0|Team|||1|2|-2|-1.00|0|2.00|-2.00|31|2017
11.0|Austin Allen|SR|QB|5|22|-15|-0.68|0|4.40|-3.00|31|2017
|Total|||7|275|1125|4.09|12|39.29|160.71|31|2017
|Opponents|||7|255|1383|5.42|17|36.43|197.57|31|2017
1.0|Warren Wand|JR|RB|5|49|285|5.82|4|9.80|57.00|30|2017
2.0|Justice Hansen|JR|QB|6|47|220|4.68|1|7.83|36.67|30|2017
3.0|Johnston White|SR|RB|6|41|177|4.32|1|6.83|29.50|30|2017
4.0|Jamal Jones|SO|RB|6|35|157|4.49|0|5.83|26.17|30|2017
5.0|Chauncey Mason|SO|RB|4|10|85|8.50|1|2.50|21.25|30|2017
6.0|Armond Weh-Weh|SR|RB|2|2|12|6.00|0|1.00|6.00|30|2017
7.0|Logan Bonner|FR|QB|4|7|11|1.57|0|1.75|2.75|30|2017
8.0|Justin McInnis|JR|WR|6|1|3|3.00|0|0.17|0.50|30|2017
9.0|Chris Murray|SR|WR|6|3|3|1.00|0|0.50|0.50|30|2017
10.0|Carson Coats|SO|QB|1|1|-6|-6.00|0|1.00|-6.00|30|2017
11.0|Damon Foncham|SO|P|6|1|-18|-18.00|0|0.17|-3.00|30|2017
12.0|Team|||3|5|-51|-10.20|0|1.67|-17.00|30|2017
|Total|||6|202|878|4.35|7|33.67|146.33|30|2017
|Opponents|||6|273|1213|4.44|9|45.50|202.17|30|2017
1.0|Ahmad Bradshaw|SR|QB|8|119|867|7.29|7|14.88|108.38|725|2017
2.0|Kell Walker|SO|RB|7|54|471|8.72|4|7.71|67.29|725|2017
3.0|Darnell Woolfolk|JR|RB|5|73|443|6.07|8|14.60|88.60|725|2017
4.0|Andy Davidson|JR|RB|8|71|376|5.30|2|8.88|47.00|725|2017
5.0|Calen Holt|JR|RB|8|39|202|5.18|1|4.88|25.25|725|2017
6.0|Connor Slomka|SO|RB|8|38|177|4.66|4|4.75|22.13|725|2017
7.0|Jordan Asberry|JR|RB|8|15|97|6.47|0|1.88|12.13|725|2017
8.0|Sandon McCoy|FR|RB|3|12|58|4.83|0|4.00|19.33|725|2017
9.0|Kelvin Hopkins Jr.|SO|QB|7|7|40|5.71|0|1.00|5.71|725|2017
10.0|John Trainor|SR|RB|6|10|33|3.30|1|1.67|5.50|725|2017
11.0|Fred Cooper Jr.|FR|RB|5|7|30|4.29|1|1.40|6.00|725|2017
12.0|Luke Langdon|JR|QB|5|8|24|3.00|1|1.60|4.80|725|2017
13.0|Zack Boobas|FR|RB|1|2|23|11.50|1|2.00|23.00|725|2017
14.0|Artice Hobbs IV|FR|RB|3|2|15|7.50|1|0.67|5.00|725|2017
15.0|Nick Schrage|JR|K|8|1|15|15.00|0|0.13|1.88|725|2017
16.0|TJ Wisham Jr.|FR|RB|3|2|14|7.00|0|0.67|4.67|725|2017
17.0|Dominic Distefano|FR|RB|3|1|10|10.00|0|0.33|3.33|725|2017
18.0|Donovan Franklin|SO|RB|4|1|7|7.00|0|0.25|1.75|725|2017
19.0|Team|||3|4|-5|-1.25|0|1.33|-1.67|725|2017
|Total|||8|466|2897|6.22|31|58.25|362.13|725|2017
|Opponents|||8|256|1412|5.52|13|32.00|176.50|725|2017
1.0|Kerryon Johnson|JR|RB|6|137|723|5.28|14|22.83|120.50|37|2017
2.0|Kamryn Pettway|JR|RB|5|76|305|4.01|6|15.20|61.00|37|2017
3.0|Kam Martin|SO|RB|8|33|264|8.00|1|4.13|33.00|37|2017
4.0|Eli Stove|SO|WR|8|13|195|15.00|0|1.63|24.38|37|2017
5.0|Malik Willis|FR|QB|4|12|156|13.00|1|3.00|39.00|37|2017
6.0|Malik Miller|FR|RB|8|28|115|4.11|0|3.50|14.38|37|2017
7.0|Jarrett Stidham|SO|QB|8|54|75|1.39|2|6.75|9.38|37|2017
8.0|Devan Barrett|FR|RB|8|11|61|5.55|0|1.38|7.63|37|2017
9.0|Noah Igbinoghene|FR|WR|8|1|11|11.00|0|0.13|1.38|37|2017
10.0|Devin Adams|JR|QB|1|2|6|3.00|0|2.00|6.00|37|2017
11.0|Chandler Cox|JR|RB|8|1|0|0.00|0|0.13|0.00|37|2017
12.0|Team|||4|4|-9|-2.25|0|1.00|-2.25|37|2017
|Total|||8|372|1902|5.11|24|46.50|237.75|37|2017
|Opponents|||8|307|995|3.24|5|38.38|124.38|37|2017
1.0|Ula Tolutau|FR|RB|7|72|303|4.21|2|10.29|43.29|77|2017
2.0|Squally Canada|JR|RB|6|45|205|4.56|1|7.50|34.17|77|2017
3.0|Kavika Fonua|JR|RB|4|18|87|4.83|0|4.50|21.75|77|2017
4.0|KJ Hall|SO|RB|3|12|57|4.75|0|4.00|19.00|77|2017
5.0|Austin Kafentzis|SO|RB|5|10|36|3.60|0|2.00|7.20|77|2017
6.0|Trey Dye|JR|RB|7|9|31|3.44|0|1.29|4.43|77|2017
7.0|Beau Hoge|SO|QB|2|9|28|3.11|0|4.50|14.00|77|2017
8.0|Brayden El-Bakri|JR|RB|8|7|19|2.71|0|0.88|2.38|77|2017
9.0|Riley Burt|SO|RB|4|4|9|2.25|0|1.00|2.25|77|2017
10.0|Jonah Trinnaman|SR|WR|8|2|9|4.50|0|0.25|1.13|77|2017
11.0|Beau Tanner|JR|WR|8|1|6|6.00|0|0.13|0.75|77|2017
12.0|Koy Detmer Jr.|SO|QB|1|1|1|1.00|0|1.00|1.00|77|2017
13.0|Jonny Linehan|SR|P|8|1|0|0.00|0|0.13|0.00|77|2017
14.0|Team|||5|4|-25|-6.25|0|0.80|-5.00|77|2017
15.0|Tanner Mangum|JR|QB|6|21|-49|-2.33|0|3.50|-8.17|77|2017
|Total|||8|216|717|3.32|3|27.00|89.63|77|2017
|Opponents|||8|357|1424|3.99|12|44.63|178.00|77|2017
1.0|Caleb Huntley|FR|RB|7|97|467|4.81|3|13.86|66.71|47|2017
2.0|Malik Dunner|SO|RB|7|46|216|4.70|4|6.57|30.86|47|2017
3.0|James Gilbert|JR|RB|3|48|207|4.31|3|16.00|69.00|47|2017
4.0|Riley Neal|JR|QB|3|24|67|2.79|0|8.00|22.33|47|2017
5.0|Markice Hurt Jr.|FR|RB|1|7|17|2.43|0|7.00|17.00|47|2017
6.0|Zack Blair|SO|QB|3|12|15|1.25|0|4.00|5.00|47|2017
7.0|Justin Hall|FR|WR|7|6|6|1.00|0|0.86|0.86|47|2017
8.0|Jack Milas|SR|QB|7|27|-8|-0.30|0|3.86|-1.14|47|2017
9.0|Nathan Snyder|FR|P|7|1|-9|-9.00|0|0.14|-1.29|47|2017
10.0|Team|||3|6|-13|-2.17|0|2.00|-4.33|47|2017
|Total|||7|274|965|3.52|10|39.14|137.86|47|2017
|Opponents|||7|261|1134|4.34|16|37.29|162.00|47|2017
1.0|John Lovett|FR|RB|7|79|403|5.10|4|11.29|57.57|51|2017
2.0|Terence Williams|JR|RB|4|39|155|3.97|0|9.75|38.75|51|2017
3.0|JaMycal Hasty|SO|RB|3|27|111|4.11|1|9.00|37.00|51|2017
4.0|Anu Solomon|SR|QB|2|16|106|6.63|0|8.00|53.00|51|2017
5.0|Trestan Ebner|FR|RB|7|13|95|7.31|2|1.86|13.57|51|2017
6.0|Charlie Brewer|FR|QB|3|16|68|4.25|0|5.33|22.67|51|2017
7.0|Tony Nicholson|SO|WR|7|4|41|10.25|0|0.57|5.86|51|2017
8.0|Chris Platt|JR|WR|4|4|36|9.00|0|1.00|9.00|51|2017
9.0|Dru Dixon|FR|RB|3|10|29|2.90|0|3.33|9.67|51|2017
10.0|Jared Atkinson|SO|WR|7|1|7|7.00|0|0.14|1.00|51|2017
11.0|Connor Martin|SO|K|7|2|5|2.50|0|0.29|0.71|51|2017
12.0|Blake Lynch|SO|WR|7|1|-1|-1.00|0|0.14|-0.14|51|2017
13.0|Denzel Mims|SO|WR|7|1|-6|-6.00|0|0.14|-0.86|51|2017
14.0|Team|||3|3|-32|-10.67|0|1.00|-10.67|51|2017
15.0|Zach Smith|SO|QB|7|26|-79|-3.04|0|3.71|-11.29|51|2017
|Total|||7|242|938|3.88|7|34.57|134.00|51|2017
|Opponents|||7|289|1565|5.42|15|41.29|223.57|51|2017
1.0|Alexander Mattison|SO|RB|7|109|503|4.61|5|15.57|71.86|66|2017
2.0|Montell Cozart|SR|QB|7|58|260|4.48|4|8.29|37.14|66|2017
3.0|Ryan Wolpin|SR|RB|7|56|174|3.11|1|8.00|24.86|66|2017
4.0|Robert Mahone|FR|RB|6|10|36|3.60|0|1.67|6.00|66|2017
5.0|Jake Roh|SR|TE|7|5|23|4.60|2|0.71|3.29|66|2017
6.0|CT Thomas|FR|WR|7|2|8|4.00|0|0.29|1.14|66|2017
7.0|Cedrick Wilson|SR|WR|7|1|1|1.00|0|0.14|0.14|66|2017
8.0|Akilian Butler|JR|WR|2|1|0|0.00|0|0.50|0.00|66|2017
9.0|Alec Dhaenens|SR|TE|7|1|-5|-5.00|0|0.14|-0.71|66|2017
10.0|Brett Rypien|JR|QB|6|14|-6|-0.43|0|2.33|-1.00|66|2017
11.0|Team|||7|11|-16|-1.45|0|1.57|-2.29|66|2017
|Total|||7|268|978|3.65|12|38.29|139.71|66|2017
|Opponents|||7|243|723|2.98|8|34.71|103.29|66|2017
1.0|AJ Dillon|FR|RB|8|152|694|4.57|6|19.00|86.75|67|2017
2.0|Jon Hilliman|JR|RB|8|118|391|3.31|3|14.75|48.88|67|2017
3.0|Thadd Smith|SR|WR|8|23|238|10.35|1|2.88|29.75|67|2017
4.0|Anthony Brown|FR|QB|8|36|162|4.50|0|4.50|20.25|67|2017
5.0|Travis Levy|FR|RB|8|11|45|4.09|0|1.38|5.63|67|2017
6.0|Davon Jones|SO|RB|7|4|25|6.25|0|0.57|3.57|67|2017
7.0|Jeff Smith|JR|WR|8|4|19|4.75|0|0.50|2.38|67|2017
8.0|Darius Wade|SR|QB|5|5|18|3.60|0|1.00|3.60|67|2017
9.0|Richard Wilson|JR|RB|1|2|5|2.50|0|2.00|5.00|67|2017
10.0|Ben Glines|SO|WR|8|1|3|3.00|0|0.13|0.38|67|2017
11.0|Team|||4|5|-50|-10.00|0|1.25|-12.50|67|2017
|Total|||8|361|1550|4.29|10|45.13|193.75|67|2017
|Opponents|||8|339|1792|5.29|21|42.38|224.00|67|2017
1.0|Josh Cleveland|SR|RB|8|99|504|5.09|2|12.38|63.00|71|2017
2.0|Andrew Clair|FR|RB|7|63|454|7.21|2|9.00|64.86|71|2017
3.0|Donovan Wilson|SR|RB|8|39|128|3.28|0|4.88|16.00|71|2017
4.0|Matt Domer|SO|RB|5|17|102|6.00|1|3.40|20.40|71|2017
5.0|Grant Loy|FR|QB|4|18|45|2.50|1|4.50|11.25|71|2017
6.0|Terence Stephens Jr.|SO|RB|7|6|34|5.67|0|0.86|4.86|71|2017
7.0|Bryson Denley|FR|RB|3|3|19|6.33|0|1.00|6.33|71|2017
8.0|Leonard Skattebo|SR|RB|8|3|10|3.33|0|0.38|1.25|71|2017
9.0|Janarvis Pough|SO|WR|8|1|-1|-1.00|0|0.13|-0.13|71|2017
10.0|Jarret Doege|FR|QB|3|9|-16|-1.78|0|3.00|-5.33|71|2017
11.0|James Morgan|SO|QB|7|26|-37|-1.42|0|3.71|-5.29|71|2017
12.0|Team|||5|6|-40|-6.67|0|1.20|-8.00|71|2017
|Total|||8|290|1202|4.14|6|36.25|150.25|71|2017
|Opponents|||8|366|2064|5.64|21|45.75|258.00|71|2017
1.0|Emmanuel Reed|SO|RB|8|122|495|4.06|5|15.25|61.88|86|2017
2.0|Tyree Jackson|SO|QB|5|40|227|5.68|4|8.00|45.40|86|2017
3.0|Theo Anderson|FR|RB|6|56|169|3.02|1|9.33|28.17|86|2017
4.0|Johnathan Hawkins|JR|RB|3|35|127|3.63|1|11.67|42.33|86|2017
5.0|Drew Anderson|JR|QB|5|11|92|8.36|1|2.20|18.40|86|2017
6.0|Jamarl Eiland|SR|WR|7|3|25|8.33|0|0.43|3.57|86|2017
7.0|Kameron Pickett|FR|RB|1|5|7|1.40|0|5.00|7.00|86|2017
8.0|Jacob Martinez|SR|WR|8|1|1|1.00|0|0.13|0.13|86|2017
9.0|Anthony Johnson|JR|WR|8|4|-5|-1.25|0|0.50|-0.63|86|2017
10.0|Team|||3|4|-7|-1.75|0|1.33|-2.33|86|2017
11.0|Kyle Vantrease|FR|QB|2|8|-26|-3.25|0|4.00|-13.00|86|2017
|Total|||8|289|1105|3.82|12|36.13|138.13|86|2017
|Opponents|||8|399|1809|4.53|17|49.88|226.13|86|2017
1.0|Patrick Laird|JR|RB|7|93|530|5.70|6|13.29|75.71|107|2017
2.0|Vic Enwere|SR|RB|8|86|304|3.53|4|10.75|38.00|107|2017
3.0|Tre Watson|SR|RB|2|17|83|4.88|0|8.50|41.50|107|2017
4.0|Derrick Clark|FR|RB|5|13|45|3.46|0|2.60|9.00|107|2017
5.0|Demetris Robertson|SO|WR|2|2|40|20.00|1|1.00|20.00|107|2017
6.0|Zion Echols|FR|RB|5|11|13|1.18|0|2.20|2.60|107|2017
7.0|Malik McMorris|JR|RB|8|3|6|2.00|0|0.38|0.75|107|2017
8.0|Jeremiah Hawkins|FR|WR|6|1|-4|-4.00|0|0.17|-0.67|107|2017
9.0|Chase Forrest|JR|QB|3|2|-4|-2.00|0|0.67|-1.33|107|2017
10.0|Vic Wharton III|JR|WR|8|1|-5|-5.00|0|0.13|-0.63|107|2017
11.0|Team|||6|3|-43|-14.33|0|0.50|-7.17|107|2017
12.0|Ross Bowers|SO|QB|8|44|-106|-2.41|2|5.50|-13.25|107|2017
|Total|||8|276|859|3.11|13|34.50|107.38|107|2017
|Opponents|||8|316|1403|4.44|17|39.50|175.38|107|2017
1.0|Jonathan Ward|SO|RB|8|96|460|4.79|4|12.00|57.50|129|2017
2.0|Kumehnnu Gwilly|FR|RB|8|47|194|4.13|2|5.88|24.25|129|2017
3.0|Romello Ross|SO|RB|6|28|134|4.79|0|4.67|22.33|129|2017
4.0|Shane Morris|SR|QB|8|51|109|2.14|1|6.38|13.63|129|2017
5.0|Tony Poljan|FR|QB|8|19|103|5.42|0|2.38|12.88|129|2017
6.0|Devon Spalding|SR|RB|6|35|101|2.89|2|5.83|16.83|129|2017
7.0|Berkley Edwards|SR|RB|8|6|15|2.50|0|0.75|1.88|129|2017
8.0|Team|||4|5|-23|-4.60|0|1.25|-5.75|129|2017
|Total|||8|287|1093|3.81|9|35.88|136.63|129|2017
|Opponents|||8|338|1537|4.55|17|42.25|192.13|129|2017
1.0|Benny LeMay|SO|RB|7|86|517|6.01|0|12.29|73.86|458|2017
2.0|Hasaan Klugh|JR|QB|7|100|441|4.41|7|14.29|63.00|458|2017
3.0|Aaron McAllister|FR|RB|8|59|325|5.51|2|7.38|40.63|458|2017
4.0|Robert Washington|SO|RB|3|33|129|3.91|0|11.00|43.00|458|2017
5.0|Brooks Barden|JR|QB|2|5|92|18.40|0|2.50|46.00|458|2017
6.0|Kameron Duncan|FR|RB|2|8|18|2.25|0|4.00|9.00|458|2017
7.0|Chris Montgomery|SR|WR|8|4|13|3.25|0|0.50|1.63|458|2017
8.0|Nate Mullen|SO|WR|8|2|8|4.00|0|0.25|1.00|458|2017
9.0|Trent Bostick|SR|WR|8|1|3|3.00|0|0.13|0.38|458|2017
10.0|Workpeh Kofa|JR|WR|7|1|1|1.00|0|0.14|0.14|458|2017
11.0|Joe Thompson|FR|QB|1|2|-12|-6.00|0|2.00|-12.00|458|2017
|Total|||8|301|1535|5.10|9|37.63|191.88|458|2017
|Opponents|||8|322|1439|4.47|17|40.25|179.88|458|2017
1.0|Gerrid Doaks|FR|RB|7|66|351|5.32|2|9.43|50.14|140|2017
2.0|Mike Boone|SR|RB|6|66|239|3.62|2|11.00|39.83|140|2017
3.0|Michael Warren II|FR|RB|8|33|215|6.52|1|4.13|26.88|140|2017
4.0|Hayden Moore|JR|QB|8|58|158|2.72|3|7.25|19.75|140|2017
5.0|Ross Trail|SO|QB|1|6|17|2.83|0|6.00|17.00|140|2017
6.0|Taylor Boose|SO|RB|3|3|13|4.33|0|1.00|4.33|140|2017
7.0|Jaelen Greene|FR|RB|5|3|9|3.00|0|0.60|1.80|140|2017
8.0|Kahlil Lewis|JR|WR|8|1|9|9.00|0|0.13|1.13|140|2017
9.0|Team|||5|8|-54|-6.75|0|1.60|-10.80|140|2017
|Total|||8|244|957|3.92|8|30.50|119.63|140|2017
|Opponents|||8|363|1682|4.63|14|45.38|210.25|140|2017
1.0|Travis Etienne|FR|RB|6|51|446|8.75|6|8.50|74.33|147|2017
2.0|Kelly Bryant|JR|QB|7|101|393|3.89|7|14.43|56.14|147|2017
3.0|Tavien Feaster|SO|RB|7|66|389|5.89|3|9.43|55.57|147|2017
4.0|Adam Choice|JR|RB|7|31|148|4.77|4|4.43|21.14|147|2017
5.0|C.J. Fuller|JR|RB|7|28|122|4.36|3|4.00|17.43|147|2017
6.0|Ty Thomason|SO|RB|1|4|32|8.00|0|4.00|32.00|147|2017
7.0|Darien Rencher|FR|RB|1|4|27|6.75|0|4.00|27.00|147|2017
8.0|Taylor Hearn|JR|OL|7|0|12|-|0|-|-|147|2017
9.0|Ray-Ray McCloud|JR|WR|7|1|2|2.00|0|0.14|0.29|147|2017
10.0|Zerrick Cooper|FR|QB|7|7|1|0.14|0|1.00|0.14|147|2017
11.0|Ryan Mac Lain|SO|RB|1|1|-2|-2.00|0|1.00|-2.00|147|2017
12.0|Amari Rodgers|FR|WR|7|2|-13|-6.50|0|0.29|-1.86|147|2017
13.0|Team|||4|5|-20|-4.00|0|1.25|-5.00|147|2017
|Total|||7|301|1537|5.11|23|43.00|219.57|147|2017
|Opponents|||7|260|755|2.90|2|37.14|107.86|147|2017
1.0|Phillip Lindsay|SR|RB|8|207|1093|5.28|10|25.88|136.63|157|2017
2.0|Steven Montez|SO|QB|8|79|224|2.84|1|9.88|28.00|157|2017
3.0|Beau Bisharat|SO|RB|8|17|45|2.65|0|2.13|5.63|157|2017
4.0|Michael Adkins II|SR|RB|6|11|25|2.27|0|1.83|4.17|157|2017
5.0|Bryce Bobo|SR|WR|8|1|9|9.00|0|0.13|1.13|157|2017
6.0|K.D. Nixon|FR|WR|8|1|5|5.00|0|0.13|0.63|157|2017
7.0|Devin Ross|SR|WR|8|1|4|4.00|0|0.13|0.50|157|2017
8.0|Kyle Evans|JR|RB|6|2|2|1.00|0|0.33|0.33|157|2017
9.0|Laviska Shenault Jr.|FR|WR|8|1|1|1.00|0|0.13|0.13|157|2017
10.0|Casey Marksberry|FR|QB|1|1|-5|-5.00|0|1.00|-5.00|157|2017
11.0|Sam Noyer|FR|QB|3|7|-11|-1.57|0|2.33|-3.67|157|2017
12.0|Team|||7|10|-49|-4.90|0|1.43|-7.00|157|2017
|Total|||8|338|1343|3.97|11|42.25|167.88|157|2017
|Opponents|||8|308|1551|5.04|14|38.50|193.88|157|2017
1.0|Dalyn Dawkins|SR|RB|8|118|755|6.40|4|14.75|94.38|156|2017
2.0|Izzy Matthews|JR|RB|8|107|530|4.95|6|13.38|66.25|156|2017
3.0|Rashaad Boddie|FR|RB|8|22|107|4.86|0|2.75|13.38|156|2017
4.0|Marvin Kinsey Jr.|SO|RB|8|24|82|3.42|2|3.00|10.25|156|2017
5.0|Nick Stevens|SR|QB|8|22|70|3.18|1|2.75|8.75|156|2017
6.0|Detrich Clark|SR|WR|7|9|27|3.00|0|1.29|3.86|156|2017
7.0|Marcus McElroy|FR|RB|6|2|9|4.50|0|0.33|1.50|156|2017
8.0|Darius May|FR|RB|4|3|8|2.67|0|0.75|2.00|156|2017
9.0|Team|||3|5|-18|-3.60|0|1.67|-6.00|156|2017
|Total|||8|312|1570|5.03|13|39.00|196.25|156|2017
|Opponents|||8|261|1183|4.53|9|32.63|147.88|156|2017
1.0|Nate Hopkins|FR|RB|7|75|289|3.85|7|10.71|41.29|164|2017
2.0|Arkeel Newsome|SR|RB|7|53|218|4.11|3|7.57|31.14|164|2017
3.0|Kevin Mensah|FR|RB|6|46|210|4.57|1|7.67|35.00|164|2017
4.0|Bryant Shirreffs|SR|QB|7|64|149|2.33|0|9.14|21.29|164|2017
5.0|Keyion Dixon|FR|WR|7|6|29|4.83|0|0.86|4.14|164|2017
6.0|David Pindell|JR|QB|4|7|27|3.86|0|1.75|6.75|164|2017
7.0|Donovan Williams|SO|WR|6|3|19|6.33|0|0.50|3.17|164|2017
8.0|Jason Thompson|JR|RB|6|5|7|1.40|0|0.83|1.17|164|2017
9.0|Quayvon Skanes|FR|WR|7|1|1|1.00|0|0.14|0.14|164|2017
10.0|Team|||4|6|-25|-4.17|0|1.50|-6.25|164|2017
|Total|||7|266|924|3.47|11|38.00|132.00|164|2017
|Opponents|||7|263|1190|4.52|14|37.57|170.00|164|2017
1.0|Shaun Wilson|SR|RB|8|99|548|5.54|5|12.38|68.50|193|2017
2.0|Brittain Brown|FR|RB|8|85|497|5.85|3|10.63|62.13|193|2017
3.0|Daniel Jones|SO|QB|8|79|217|2.75|3|9.88|27.13|193|2017
4.0|Deon Jackson|FR|RB|7|23|72|3.13|0|3.29|10.29|193|2017
5.0|Quentin Harris|SO|QB|8|26|62|2.38|2|3.25|7.75|193|2017
6.0|Nicodem Pierre|JR|RB|6|9|23|2.56|0|1.50|3.83|193|2017
7.0|Elijah Deveaux|FR|RB|1|2|4|2.00|0|2.00|4.00|193|2017
8.0|T.J. Rahming|JR|WR|8|1|2|2.00|0|0.13|0.25|193|2017
9.0|Parker Boehme|SR|QB|8|1|-6|-6.00|0|0.13|-0.75|193|2017
10.0|Team|||5|6|-10|-1.67|0|1.20|-2.00|193|2017
|Total|||8|331|1409|4.26|13|41.38|176.13|193|2017
|Opponents|||8|282|1092|3.87|9|35.25|136.50|193|2017
1.0|Hussein Howe|SO|RB|8|51|214|4.20|1|6.38|26.75|196|2017
2.0|Darius Pinnix|FR|RB|8|43|167|3.88|1|5.38|20.88|196|2017
3.0|Thomas Sirk|SR|QB|7|60|162|2.70|3|8.57|23.14|196|2017
4.0|Tyshon Dye|SR|RB|6|35|134|3.83|0|5.83|22.33|196|2017
5.0|Derrell Scott|JR|RB|6|38|104|2.74|2|6.33|17.33|196|2017
6.0|Devin Anderson|JR|RB|2|20|63|3.15|0|10.00|31.50|196|2017
7.0|Davon Grayson|SR|WR|8|4|36|9.00|0|0.50|4.50|196|2017
8.0|Trevon Brown|JR|WR|8|2|16|8.00|0|0.25|2.00|196|2017
9.0|Deondre Farrier|SO|WR|5|1|13|13.00|0|0.20|2.60|196|2017
10.0|Jimmy Williams|SR|WR|6|1|2|2.00|0|0.17|0.33|196|2017
11.0|Reid Herring|FR|QB|1|1|1|1.00|0|1.00|1.00|196|2017
12.0|Quay Johnson|SR|WR|8|2|-1|-0.50|0|0.25|-0.13|196|2017
13.0|Team|||3|5|-21|-4.20|0|1.67|-7.00|196|2017
14.0|Gardner Minshew|JR|QB|6|7|-24|-3.43|0|1.17|-4.00|196|2017
|Total|||8|270|866|3.21|7|33.75|108.25|196|2017
|Opponents|||8|358|2007|5.61|24|44.75|250.88|196|2017
1.0|Ian Eriksen|JR|RB|7|84|342|4.07|4|12.00|48.86|204|2017
2.0|Shaq Vann|JR|RB|4|58|210|3.62|0|14.50|52.50|204|2017
3.0|Breck Turner|SO|RB|7|31|118|3.81|1|4.43|16.86|204|2017
4.0|Kyle Rachwal|JR|LB|7|1|27|27.00|0|0.14|3.86|204|2017
5.0|Blake Banham|JR|RB|3|10|15|1.50|0|3.33|5.00|204|2017
6.0|Sergio Bailey II|SR|WR|7|1|10|10.00|0|0.14|1.43|204|2017
7.0|Team|||4|6|-13|-2.17|0|1.50|-3.25|204|2017
8.0|Antoine Porter|SR|WR|7|1|-16|-16.00|0|0.14|-2.29|204|2017
9.0|Brogan Roback|SR|QB|7|25|-34|-1.36|0|3.57|-4.86|204|2017
|Total|||7|217|659|3.04|5|31.00|94.14|204|2017
|Opponents|||7|293|1281|4.37|9|41.86|183.00|204|2017
1.0|Malik Davis|FR|RB|6|75|506|6.75|2|12.50|84.33|235|2017
2.0|Lamical Perine|SO|RB|6|63|272|4.32|6|10.50|45.33|235|2017
3.0|Kadarius Toney|FR|ATH|5|12|118|9.83|1|2.40|23.60|235|2017
4.0|Mark Thompson|SR|RB|6|24|81|3.38|0|4.00|13.50|235|2017
5.0|Feleipe Franks|FR|QB|6|31|60|1.94|0|5.17|10.00|235|2017
6.0|Brandon Powell|SR|WR|6|2|10|5.00|1|0.33|1.67|235|2017
7.0|Tyrie Cleveland|SO|WR|5|2|6|3.00|0|0.40|1.20|235|2017
8.0|Dre Massey|JR|WR|6|1|3|3.00|0|0.17|0.50|235|2017
9.0|Team|||2|2|-5|-2.50|0|1.00|-2.50|235|2017
10.0|Luke Del Rio|JR|QB|2|2|-9|-4.50|0|1.00|-4.50|235|2017
11.0|Malik Zaire|SR|QB|1|8|-29|-3.63|0|8.00|-29.00|235|2017
|Total|||6|222|1013|4.56|10|37.00|168.83|235|2017
|Opponents|||6|220|863|3.92|4|36.67|143.83|235|2017
1.0|Devin Singletary|SO|RB|7|123|809|6.58|14|17.57|115.57|229|2017
2.0|Gregory Howell, Jr.|SR|RB|6|69|473|6.86|3|11.50|78.83|229|2017
3.0|Kerrith Whyte, Jr.|SO|RB|7|33|264|8.00|2|4.71|37.71|229|2017
4.0|Jason Driskel|JR|QB|6|32|226|7.06|5|5.33|37.67|229|2017
5.0|John Franklin III|SR|WR|7|6|105|17.50|2|0.86|15.00|229|2017
6.0|Gerald Hearns|JR|RB|3|10|62|6.20|0|3.33|20.67|229|2017
7.0|De'Andre Johnson|SO|QB|2|4|31|7.75|0|2.00|15.50|229|2017
8.0|Tyrek Tisdale|FR|RB|5|7|30|4.29|0|1.40|6.00|229|2017
9.0|Daniel Parr|SO|QB|6|25|26|1.04|2|4.17|4.33|229|2017
10.0|Kamrin Solomon|SR|WR|5|2|19|9.50|0|0.40|3.80|229|2017
11.0|Marcus Clark|SR|RB|5|4|4|1.00|0|0.80|0.80|229|2017
12.0|DeAndre McNeal|JR|WR|7|1|3|3.00|0|0.14|0.43|229|2017
13.0|D'Anfernee McGriff|SO|WR|4|1|-1|-1.00|0|0.25|-0.25|229|2017
14.0|Team|||2|4|-52|-13.00|0|2.00|-26.00|229|2017
|Total|||7|321|1999|6.23|28|45.86|285.57|229|2017
|Opponents|||7|305|1492|4.89|15|43.57|213.14|229|2017
1.0|Alex Gardner|SR|RB|6|92|385|4.18|1|15.33|64.17|231|2017
2.0|Napoleon Maxwell|JR|RB|6|27|186|6.89|1|4.50|31.00|231|2017
3.0|Shawndarrius Phillips|SO|RB|6|44|182|4.14|1|7.33|30.33|231|2017
4.0|Alex McGough|SR|QB|6|39|91|2.33|4|6.50|15.17|231|2017
5.0|D'Vonte Price|FR|RB|4|6|51|8.50|0|1.50|12.75|231|2017
6.0|Shermarke Spence|JR|DB|6|1|40|40.00|0|0.17|6.67|231|2017
7.0|Maurice Alexander|SO|QB|4|8|23|2.88|0|2.00|5.75|231|2017
8.0|Team|||3|4|-11|-2.75|0|1.33|-3.67|231|2017
|Total|||6|221|947|4.29|7|36.83|157.83|231|2017
|Opponents|||6|234|1054|4.50|12|39.00|175.67|231|2017
1.0|Cam Akers|FR|RB|6|87|455|5.23|1|14.50|75.83|234|2017
2.0|Jacques Patrick|JR|RB|6|74|421|5.69|1|12.33|70.17|234|2017
3.0|Amir Rasul|SO|RB|5|7|26|3.71|0|1.40|5.20|234|2017
4.0|Josh Sweat|JR|DL|6|2|13|6.50|0|0.33|2.17|234|2017
5.0|Brock Ruble|JR|OL|6|0|6|-|0|-|-|234|2017
6.0|Keith Gavin|SO|WR|4|1|6|6.00|0|0.25|1.50|234|2017
7.0|Nyqwan Murray|JR|WR|6|2|2|1.00|1|0.33|0.33|234|2017
8.0|Levonta Taylor|SO|DB|6|1|-4|-4.00|0|0.17|-0.67|234|2017
9.0|Team|||4|2|-4|-2.00|0|0.50|-1.00|234|2017
10.0|George Campbell|SO|WR|4|1|-4|-4.00|0|0.25|-1.00|234|2017
11.0|Deondre Francois|SO|QB|1|9|-9|-1.00|0|9.00|-9.00|234|2017
12.0|James Blackman|FR|QB|5|31|-29|-0.94|0|6.20|-5.80|234|2017
|Total|||6|217|879|4.05|3|36.17|146.50|234|2017
|Opponents|||6|211|866|4.10|8|35.17|144.33|234|2017
1.0|Ronnie Rivers|FR|RB|6|65|344|5.29|5|10.83|57.33|96|2017
2.0|Jordan Mims|FR|RB|7|69|335|4.86|1|9.86|47.86|96|2017
3.0|Josh Hokit|SO|RB|7|54|273|5.06|7|7.71|39.00|96|2017
4.0|Marcus McMaryion|JR|QB|7|24|135|5.63|0|3.43|19.29|96|2017
5.0|Dejonte O'Neal|JR|RB|6|11|63|5.73|0|1.83|10.50|96|2017
6.0|Deonte Perry|FR|RB|1|8|31|3.88|0|8.00|31.00|96|2017
7.0|Da'Mari Scott|SR|WR|7|3|25|8.33|0|0.43|3.57|96|2017
8.0|Saevion Johnson|FR|RB|2|7|20|2.86|0|3.50|10.00|96|2017
9.0|Chason Virgil|SO|QB|4|5|6|1.20|0|1.25|1.50|96|2017
10.0|Derrion Grim|SO|WR|7|1|5|5.00|0|0.14|0.71|96|2017
11.0|Jamire Jordan|JR|WR|7|1|-7|-7.00|0|0.14|-1.00|96|2017
12.0|Team|||7|8|-25|-3.13|0|1.14|-3.57|96|2017
|Total|||7|256|1205|4.71|13|36.57|172.14|96|2017
|Opponents|||7|228|810|3.55|6|32.57|115.71|96|2017
1.0|Nick Chubb|SR|RB|7|107|688|6.43|8|15.29|98.29|257|2017
2.0|Sony Michel|SR|RB|6|68|492|7.24|6|11.33|82.00|257|2017
3.0|D'Andre Swift|FR|RB|7|42|358|8.52|1|6.00|51.14|257|2017
4.0|Elijah Holyfield|SO|RB|5|28|178|6.36|1|5.60|35.60|257|2017
5.0|Brian Herrien|SO|RB|7|45|156|3.47|1|6.43|22.29|257|2017
6.0|Jake Fromm|FR|QB|7|26|74|2.85|3|3.71|10.57|257|2017
7.0|Mecole Hardman|SO|WR|7|4|40|10.00|1|0.57|5.71|257|2017
8.0|Prather Hudson|FR|RB|7|6|15|2.50|0|0.86|2.14|257|2017
9.0|Christian Payne|SR|RB|7|3|12|4.00|0|0.43|1.71|257|2017
10.0|Brice Ramsey|SR|QB|2|1|0|0.00|0|0.50|0.00|257|2017
11.0|Jacob Eason|SO|QB|3|3|-12|-4.00|0|1.00|-4.00|257|2017
12.0|Team|||7|10|-21|-2.10|0|1.43|-3.00|257|2017
|Total|||7|343|1980|5.77|21|49.00|282.86|257|2017
|Opponents|||7|204|575|2.82|3|29.14|82.14|257|2017
1.0|Wesley Fields|JR|RB|6|85|354|4.16|2|14.17|59.00|253|2017
2.0|Shai Werts|FR|QB|5|111|318|2.86|0|22.20|63.60|253|2017
3.0|L.A. Ramsby|SR|RB|6|70|303|4.33|2|11.67|50.50|253|2017
4.0|Monteo Garrett|JR|RB|6|11|138|12.55|1|1.83|23.00|253|2017
5.0|Kado Brown|JR|QB|2|25|62|2.48|2|12.50|31.00|253|2017
6.0|Demarcus Godfrey|SR|RB|6|4|27|6.75|0|0.67|4.50|253|2017
7.0|LaBaron Anthony|JR|QB|1|1|1|1.00|0|1.00|1.00|253|2017
8.0|Myles Campbell|SR|WR|6|3|-1|-0.33|0|0.50|-0.17|253|2017
9.0|Team|||4|2|-3|-1.50|0|0.50|-0.75|253|2017
|Total|||6|312|1199|3.84|7|52.00|199.83|253|2017
|Opponents|||6|237|1255|5.30|14|39.50|209.17|253|2017
1.0|Glenn Smith|SR|RB|6|66|184|2.79|2|11.00|30.67|254|2017
2.0|Taz Bateman|JR|RB|4|53|176|3.32|0|13.25|44.00|254|2017
3.0|Kyler Neal|SR|RB|5|40|95|2.38|2|8.00|19.00|254|2017
4.0|Aaron Winchester|SO|QB|4|20|75|3.75|0|5.00|18.75|254|2017
5.0|Demarcus Kirk|JR|RB|5|14|74|5.29|1|2.80|14.80|254|2017
6.0|Conner Manning|SR|QB|6|25|40|1.60|0|4.17|6.67|254|2017
7.0|Devin Gentry|SO|WR|6|4|27|6.75|1|0.67|4.50|254|2017
8.0|Penny Hart|SO|WR|6|5|26|5.20|0|0.83|4.33|254|2017
9.0|Team|||3|5|-12|-2.40|0|1.67|-4.00|254|2017
|Total|||6|232|685|2.95|6|38.67|114.17|254|2017
|Opponents|||6|191|864|4.52|8|31.83|144.00|254|2017
1.0|TaQuon Marshall|JR|QB|6|144|704|4.89|11|24.00|117.33|255|2017
2.0|KirVonte Benson|SO|RB|6|117|652|5.57|5|19.50|108.67|255|2017
3.0|Qua Searcy|JR|RB|6|26|192|7.38|1|4.33|32.00|255|2017
4.0|Clinton Lynch|JR|RB|5|17|152|8.94|0|3.40|30.40|255|2017
5.0|Jerry Howard|FR|RB|4|17|149|8.76|2|4.25|37.25|255|2017
6.0|Nathan Cottrell|SO|RB|6|20|140|7.00|0|3.33|23.33|255|2017
7.0|J.J. Green|SR|RB|5|14|109|7.79|1|2.80|21.80|255|2017
8.0|Quaide Weimerskirch|SO|RB|6|16|70|4.38|1|2.67|11.67|255|2017
9.0|Matthew Jordan|JR|QB|4|11|31|2.82|1|2.75|7.75|255|2017
10.0|Ricky Jeune|SR|WR|6|1|30|30.00|0|0.17|5.00|255|2017
11.0|Jay Jones|FR|QB|1|2|9|4.50|0|2.00|9.00|255|2017
12.0|Team|||3|2|-1|-0.50|0|0.67|-0.33|255|2017
|Total|||6|387|2237|5.78|22|64.50|372.83|255|2017
|Opponents|||6|173|701|4.05|7|28.83|116.83|255|2017
1.0|Diocemy Saint Juste|SR|RB|7|183|1094|5.98|6|26.14|156.29|277|2017
2.0|Ryan Tuiasoa|SR|RB|7|34|245|7.21|5|4.86|35.00|277|2017
3.0|Cole McDonald|FR|QB|4|7|89|12.71|1|1.75|22.25|277|2017
4.0|Dru Brown|JR|QB|7|30|39|1.30|1|4.29|5.57|277|2017
5.0|Freddie Holly III|FR|RB|2|9|27|3.00|0|4.50|13.50|277|2017
6.0|Dylan Collie|JR|WR|6|1|23|23.00|0|0.17|3.83|277|2017
7.0|Stan Gaudion|FR|P|7|1|19|19.00|0|0.14|2.71|277|2017
8.0|Dakota Torres|JR|TE|6|1|3|3.00|0|0.17|0.50|277|2017
9.0|Team|||4|4|-5|-1.25|0|1.00|-1.25|277|2017
|Total|||7|270|1534|5.68|13|38.57|219.14|277|2017
|Opponents|||7|256|1286|5.02|12|36.57|183.71|277|2017
1.0|Duke Catalon|JR|RB|7|112|496|4.43|7|16.00|70.86|288|2017
2.0|Dillon Birden|SR|RB|6|60|333|5.55|4|10.00|55.50|288|2017
3.0|Kyle Postma|SR|QB|6|45|200|4.44|1|7.50|33.33|288|2017
4.0|Mulbah Car|SO|RB|5|21|127|6.05|1|4.20|25.40|288|2017
5.0|D'Eriq King|SO|QB|5|14|46|3.29|1|2.80|9.20|288|2017
6.0|Davion Mitchell|FR|RB|1|6|23|3.83|0|6.00|23.00|288|2017
7.0|Patrick Carr|SO|RB|2|4|10|2.50|0|2.00|5.00|288|2017
8.0|Team|||3|4|-11|-2.75|0|1.33|-3.67|288|2017
9.0|Kyle Allen|JR|QB|3|11|-14|-1.27|0|3.67|-4.67|288|2017
|Total|||7|277|1210|4.37|14|39.57|172.86|288|2017
|Opponents|||7|246|1088|4.42|11|35.14|155.43|288|2017
1.0|Aaron Duckworth|SR|RB|7|107|626|5.85|2|15.29|89.43|295|2017
2.0|Isaiah Saunders|JR|RB|7|78|327|4.19|1|11.14|46.71|295|2017
3.0|Dylan Thigpen|FR|RB|5|8|15|1.88|0|1.60|3.00|295|2017
4.0|D.J. Henderson|JR|DL|7|4|7|1.75|2|0.57|1.00|295|2017
5.0|Mason Petrino|SO|WR|5|5|1|0.20|0|1.00|0.20|295|2017
6.0|Matt Linehan|SR|QB|7|62|-17|-0.27|2|8.86|-2.43|295|2017
|Total|||7|264|959|3.63|7|37.71|137.00|295|2017
|Opponents|||7|282|1219|4.32|13|40.29|174.14|295|2017
1.0|Mike Epstein|FR|RB|5|57|346|6.07|3|11.40|69.20|301|2017
2.0|Ra'Von Bonner|FR|RB|6|67|202|3.01|4|11.17|33.67|301|2017
3.0|Chayce Crouch|JR|QB|6|46|93|2.02|1|7.67|15.50|301|2017
4.0|Cam Thomas|FR|QB|1|10|79|7.90|0|10.00|79.00|301|2017
5.0|Reggie Corbin|SO|RB|4|14|60|4.29|0|3.50|15.00|301|2017
6.0|Kendrick Foster|SR|RB|7|13|31|2.38|0|1.86|4.43|301|2017
7.0|Dre Brown|SO|RB|3|4|11|2.75|0|1.33|3.67|301|2017
8.0|Jeff George, Jr.|SO|QB|4|12|11|0.92|0|3.00|2.75|301|2017
9.0|Austin Roberts|JR|RB|7|1|3|3.00|0|0.14|0.43|301|2017
10.0|Team|||3|3|-5|-1.67|0|1.00|-1.67|301|2017
|Total|||7|227|831|3.66|8|32.43|118.71|301|2017
|Opponents|||7|311|1475|4.74|13|44.43|210.71|301|2017
1.0|Morgan Ellison|FR|RB|7|100|473|4.73|3|14.29|67.57|306|2017
2.0|Peyton Ramsey|FR|QB|7|78|218|2.79|2|11.14|31.14|306|2017
3.0|Cole Gest|FR|RB|6|28|164|5.86|0|4.67|27.33|306|2017
4.0|Devonte Williams|SO|RB|7|11|31|2.82|0|1.57|4.43|306|2017
5.0|Alex Rodriguez|JR|RB|7|8|27|3.38|0|1.14|3.86|306|2017
6.0|Mike Majette|JR|RB|5|22|22|1.00|0|4.40|4.40|306|2017
7.0|Whop Philyor|FR|WR|6|3|13|4.33|0|0.50|2.17|306|2017
8.0|Connor Thomas|FR|RB|3|2|6|3.00|0|0.67|2.00|306|2017
9.0|Ricky Brookins|JR|RB|7|3|4|1.33|1|0.43|0.57|306|2017
10.0|Luke Timian|JR|WR|7|0|3|-|0|-|-|306|2017
11.0|Team|||1|1|-2|-2.00|0|1.00|-2.00|306|2017
12.0|Mike Fiacable|SO|QB|2|2|-11|-5.50|0|1.00|-5.50|306|2017
13.0|Richard Lagow|SR|QB|5|13|-30|-2.31|0|2.60|-6.00|306|2017
|Total|||7|271|918|3.39|7|38.71|131.14|306|2017
|Opponents|||7|299|1122|3.75|9|42.71|160.29|306|2017
1.0|Akrum Wadley|SR|RB|7|145|573|3.95|4|20.71|81.86|312|2017
2.0|James Butler|SR|RB|3|36|158|4.39|0|12.00|52.67|312|2017
3.0|Toren Young|FR|RB|3|29|114|3.93|0|9.67|38.00|312|2017
4.0|Ivory Kelly-Martin|FR|RB|7|14|94|6.71|2|2.00|13.43|312|2017
5.0|Amani Hooker|SO|DB|7|1|18|18.00|0|0.14|2.57|312|2017
6.0|Ihmir Smith-Marsette|FR|WR|7|5|15|3.00|0|0.71|2.14|312|2017
7.0|Noah Fant|SO|TE|7|2|-1|-0.50|0|0.29|-0.14|312|2017
8.0|Team|||3|4|-11|-2.75|0|1.33|-3.67|312|2017
9.0|Nate Stanley|SO|QB|7|24|-39|-1.63|0|3.43|-5.57|312|2017
|Total|||7|260|921|3.54|6|37.14|131.57|312|2017
|Opponents|||7|240|1021|4.25|6|34.29|145.86|312|2017
1.0|David Montgomery|SO|RB|7|131|642|4.90|8|18.71|91.71|311|2017
2.0|Mike Warren|JR|RB|6|30|88|2.93|1|5.00|14.67|311|2017
3.0|Joel Lanning|SR|LB|7|21|75|3.57|0|3.00|10.71|311|2017
4.0|Sheldon Croney Jr.|SO|RB|5|10|40|4.00|1|2.00|8.00|311|2017
5.0|Kyle Kempt|SR|QB|4|10|25|2.50|0|2.50|6.25|311|2017
6.0|Jacob Park|JR|QB|4|11|9|0.82|1|2.75|2.25|311|2017
7.0|Johnnie Lang|FR|RB|2|4|5|1.25|0|2.00|2.50|311|2017
8.0|Nick Leach|JR|RB|1|2|3|1.50|0|2.00|3.00|311|2017
9.0|Team|||4|5|-37|-7.40|0|1.25|-9.25|311|2017
|Total|||7|224|850|3.79|11|32.00|121.43|311|2017
|Opponents|||7|248|843|3.40|6|35.43|120.43|311|2017
1.0|Khalil Herbert|SO|RB|6|74|511|6.91|4|12.33|85.17|328|2017
2.0|Taylor Martin|JR|RB|5|54|163|3.02|2|10.80|32.60|328|2017
3.0|Dom Williams|FR|RB|6|35|124|3.54|3|5.83|20.67|328|2017
4.0|Deron Thompson|JR|RB|6|21|69|3.29|0|3.50|11.50|328|2017
5.0|Carter Stanley|SO|QB|5|17|35|2.06|0|3.40|7.00|328|2017
6.0|Ryan Schadler|JR|WR|7|4|28|7.00|1|0.57|4.00|328|2017
7.0|Reese Randall|JR|RB|1|3|10|3.33|0|3.00|10.00|328|2017
8.0|Quan Hampton|FR|WR|6|2|8|4.00|0|0.33|1.33|328|2017
9.0|Steven Sims Jr.|JR|WR|7|4|-6|-1.50|0|0.57|-0.86|328|2017
10.0|Team|||3|4|-30|-7.50|0|1.33|-10.00|328|2017
11.0|Peyton Bender|JR|QB|7|20|-68|-3.40|0|2.86|-9.71|328|2017
|Total|||7|238|844|3.55|10|34.00|120.57|328|2017
|Opponents|||7|291|1300|4.47|17|41.57|185.71|328|2017
1.0|Alex Barnes|SO|RB|7|69|414|6.00|3|9.86|59.14|327|2017
2.0|Jesse Ertz|SR|QB|5|65|336|5.17|3|13.00|67.20|327|2017
3.0|Alex Delton|SO|QB|4|61|283|4.64|5|15.25|70.75|327|2017
4.0|Dalvin Warmack|JR|RB|4|15|87|5.80|2|3.75|21.75|327|2017
5.0|Justin Silmon|JR|RB|5|21|87|4.14|0|4.20|17.40|327|2017
6.0|Skylar Thompson|FR|QB|2|5|58|11.60|0|2.50|29.00|327|2017
7.0|Winston Dimel|JR|RB|7|12|52|4.33|2|1.71|7.43|327|2017
8.0|Mike McCoy|FR|RB|2|8|47|5.88|1|4.00|23.50|327|2017
9.0|Tyler Burns|FR|RB|7|8|26|3.25|0|1.14|3.71|327|2017
10.0|Byron Pringle|JR|WR|6|1|15|15.00|0|0.17|2.50|327|2017
11.0|Isaiah Zuber|SO|WR|7|1|-2|-2.00|0|0.14|-0.29|327|2017
12.0|Team|||2|4|-9|-2.25|0|2.00|-4.50|327|2017
|Total|||7|270|1394|5.16|16|38.57|199.14|327|2017
|Opponents|||7|256|955|3.73|13|36.57|136.43|327|2017
1.0|Justin Rankin|SO|RB|8|63|244|3.87|0|7.88|30.50|331|2017
2.0|Nick Holley|SR|QB|3|35|207|5.91|1|11.67|69.00|331|2017
3.0|Will Matthews|SO|RB|8|50|164|3.28|0|6.25|20.50|331|2017
4.0|Dustin Crum|FR|QB|6|65|161|2.48|0|10.83|26.83|331|2017
5.0|Kesean Gamble|FR|LB|8|40|112|2.80|2|5.00|14.00|331|2017
6.0|Mike Carrigan|SO|WR|8|9|103|11.44|0|1.13|12.88|331|2017
7.0|George Bollas|JR|QB|7|50|81|1.62|0|7.14|11.57|331|2017
8.0|Kavious Price|SO|WR|7|10|68|6.80|0|1.43|9.71|331|2017
9.0|Myles Washington|JR|RB|3|18|35|1.94|0|6.00|11.67|331|2017
10.0|Keon Singleton|FR|RB|5|7|17|2.43|0|1.40|3.40|331|2017
11.0|Raymond James|FR|DB|7|1|5|5.00|0|0.14|0.71|331|2017
12.0|Raekwon James|JR|RB|8|6|3|0.50|0|0.75|0.38|331|2017
13.0|Derek Adams|SO|P|8|1|-2|-2.00|0|0.13|-0.25|331|2017
14.0|Miles Hibbler|SR|RB|6|1|-4|-4.00|0|0.17|-0.67|331|2017
15.0|Team|||4|3|-5|-1.67|0|0.75|-1.25|331|2017
|Total|||8|359|1189|3.31|3|44.88|148.63|331|2017
|Opponents|||8|322|1766|5.48|21|40.25|220.75|331|2017
1.0|Benny Snell, Jr.|SO|RB|7|133|541|4.07|6|19.00|77.29|334|2017
2.0|Sihiem King|JR|RB|7|42|203|4.83|0|6.00|29.00|334|2017
3.0|Stephen Johnson|SR|QB|7|53|198|3.74|2|7.57|28.29|334|2017
4.0|Asim Rose|FR|RB|5|10|28|2.80|0|2.00|5.60|334|2017
5.0|Lynn Bowden|FR|WR|7|7|27|3.86|0|1.00|3.86|334|2017
6.0|Garrett Johnson|SR|WR|7|2|12|6.00|0|0.29|1.71|334|2017
7.0|Kash Daniel|SO|LB|6|1|6|6.00|0|0.17|1.00|334|2017
8.0|Drew Barker|JR|QB|3|3|-21|-7.00|0|1.00|-7.00|334|2017
9.0|Team|||4|7|-49|-7.00|0|1.75|-12.25|334|2017
|Total|||7|258|945|3.66|9|36.86|135.00|334|2017
|Opponents|||7|222|865|3.90|9|31.71|123.57|334|2017
1.0|Derrius Guice|JR|RB|7|124|711|5.73|6|17.71|101.57|365|2017
2.0|Darrel Williams|SR|RB|8|101|476|4.71|5|12.63|59.50|365|2017
3.0|Russell Gage|SR|WR|8|20|176|8.80|1|2.50|22.00|365|2017
4.0|Derrick Dillon|SO|WR|8|11|97|8.82|0|1.38|12.13|365|2017
5.0|Danny Etling|SR|QB|8|41|95|2.32|1|5.13|11.88|365|2017
6.0|Nick Brossette|JR|RB|8|13|71|5.46|0|1.63|8.88|365|2017
7.0|DJ Chark|SR|WR|8|9|60|6.67|1|1.13|7.50|365|2017
8.0|Clyde Edwards-Helaire|FR|RB|8|8|31|3.88|0|1.00|3.88|365|2017
9.0|Myles Brennan|FR|QB|4|5|14|2.80|0|1.25|3.50|365|2017
10.0|Lanard Fournette|SO|RB|3|1|7|7.00|0|0.33|2.33|365|2017
11.0|John David Moore|SR|RB|7|1|1|1.00|0|0.14|0.14|365|2017
12.0|Stephen Sullivan|SO|WR|8|1|1|1.00|1|0.13|0.13|365|2017
13.0|Justin McMillan|SO|QB|1|1|-1|-1.00|0|1.00|-1.00|365|2017
14.0|Team|||3|5|-9|-1.80|0|1.67|-3.00|365|2017
|Total|||8|341|1730|5.07|15|42.63|216.25|365|2017
|Opponents|||8|268|1166|4.35|12|33.50|145.75|365|2017
1.0|Boston Scott|SR|RB|7|69|427|6.19|2|9.86|61.00|366|2017
2.0|Jarred Craft|SR|RB|7|89|404|4.54|2|12.71|57.71|366|2017
3.0|J'Mar Smith|SO|QB|7|56|155|2.77|1|8.00|22.14|366|2017
4.0|Jaqwis Dancy|SO|RB|4|16|106|6.63|1|4.00|26.50|366|2017
5.0|Israel Tucker|FR|RB|3|3|25|8.33|0|1.00|8.33|366|2017
6.0|Marcus Gaines|SR|WR|4|1|12|12.00|0|0.25|3.00|366|2017
7.0|Kam McKnight|JR|WR|7|7|6|0.86|3|1.00|0.86|366|2017
8.0|Teddy Veal|JR|WR|7|3|5|1.67|0|0.43|0.71|366|2017
9.0|Team|||3|2|-88|-44.00|0|0.67|-29.33|366|2017
|Total|||7|246|1052|4.28|9|35.14|150.29|366|2017
|Opponents|||7|249|1210|4.86|11|35.57|172.86|366|2017
1.0|Trey Ragas|FR|RB|7|90|542|6.02|7|12.86|77.43|671|2017
2.0|Elijah Mitchell|FR|RB|5|42|257|6.12|4|8.40|51.40|671|2017
3.0|Jordan Davis|JR|QB|6|43|136|3.16|2|7.17|22.67|671|2017
4.0|Darius Hoggins|SR|RB|5|21|78|3.71|0|4.20|15.60|671|2017
5.0|Raymond Calais|SO|RB|7|10|46|4.60|0|1.43|6.57|671|2017
6.0|Jordan Wright|SO|RB|6|13|39|3.00|1|2.17|6.50|671|2017
7.0|Dion Ray|SO|QB|6|10|16|1.60|3|1.67|2.67|671|2017
8.0|Ja'Marcus Bradley|SO|WR|7|1|11|11.00|0|0.14|1.57|671|2017
9.0|Andre Nunez|JR|QB|4|35|3|0.09|1|8.75|0.75|671|2017
10.0|Ryheem Malone|JR|WR|7|1|2|2.00|0|0.14|0.29|671|2017
11.0|Team|||3|5|-8|-1.60|0|1.67|-2.67|671|2017
|Total|||7|271|1122|4.14|18|38.71|160.29|671|2017
|Opponents|||7|337|1694|5.03|25|48.14|242.00|671|2017
1.0|Derrick Gore|JR|RB|7|102|370|3.63|5|14.57|52.86|498|2017
2.0|Caleb Evans|SO|QB|7|76|359|4.72|9|10.86|51.29|498|2017
3.0|Ben Luckett|JR|RB|6|39|299|7.67|5|6.50|49.83|498|2017
4.0|Marcus Green|JR|WR|7|9|159|17.67|0|1.29|22.71|498|2017
5.0|Kayin White|FR|RB|4|23|90|3.91|2|5.75|22.50|498|2017
6.0|Garrett Smith|JR|QB|3|22|68|3.09|0|7.33|22.67|498|2017
7.0|Duke Carter IV|SO|RB|7|12|43|3.58|0|1.71|6.14|498|2017
8.0|Markis McCray|JR|WR|6|1|37|37.00|0|0.17|6.17|498|2017
9.0|Austin Vaughn|SO|RB|5|5|14|2.80|0|1.00|2.80|498|2017
10.0|Team|||2|1|-2|-2.00|0|0.50|-1.00|498|2017
|Total|||7|290|1437|4.96|21|41.43|205.29|498|2017
|Opponents|||7|287|1583|5.52|17|41.00|226.14|498|2017
1.0|Lamar Jackson|JR|QB|8|136|868|6.38|11|17.00|108.50|367|2017
2.0|Reggie Bonnafon|SR|RB|8|59|310|5.25|4|7.38|38.75|367|2017
3.0|Malik Williams|SR|RB|6|39|274|7.03|2|6.50|45.67|367|2017
4.0|Trey Smith|SO|RB|7|14|78|5.57|0|2.00|11.14|367|2017
5.0|Colin Wilson|FR|RB|3|6|69|11.50|0|2.00|23.00|367|2017
6.0|Dae Williams|FR|RB|1|5|41|8.20|1|5.00|41.00|367|2017
7.0|Traveon Samuel|JR|WR|8|3|38|12.67|0|0.38|4.75|367|2017
8.0|Jawon Pass|FR|QB|2|10|36|3.60|1|5.00|18.00|367|2017
9.0|Harry Trotter|SO|RB|4|3|24|8.00|0|0.75|6.00|367|2017
10.0|Tobias Little|SO|RB|4|3|10|3.33|0|0.75|2.50|367|2017
11.0|Jeremy Smith|SR|RB|1|5|8|1.60|0|5.00|8.00|367|2017
12.0|Team|||4|3|-3|-1.00|0|0.75|-0.75|367|2017
|Total|||8|286|1753|6.13|19|35.75|219.13|367|2017
|Opponents|||8|304|1195|3.93|14|38.00|149.38|367|2017
1.0|Keion Davis|JR|RB|7|88|433|4.92|3|12.57|61.86|388|2017
2.0|Tyler King|FR|RB|5|79|406|5.14|4|15.80|81.20|388|2017
3.0|Anthony Anderson|JR|RB|7|30|123|4.10|0|4.29|17.57|388|2017
4.0|Trey Rodriguez|JR|RB|3|33|72|2.18|0|11.00|24.00|388|2017
5.0|Chase Litton|JR|QB|7|14|28|2.00|1|2.00|4.00|388|2017
6.0|Tony Pittman|SR|RB|7|1|4|4.00|0|0.14|0.57|388|2017
7.0|Marcel Williams|JR|WR|7|1|3|3.00|0|0.14|0.43|388|2017
8.0|Kaare Vedvik|SR|P|7|1|-3|-3.00|0|0.14|-0.43|388|2017
9.0|Team|||5|7|-10|-1.43|0|1.40|-2.00|388|2017
|Total|||7|254|1056|4.16|8|36.29|150.86|388|2017
|Opponents|||7|238|769|3.23|5|34.00|109.86|388|2017
1.0|Ty Johnson|JR|RB|7|84|571|6.80|4|12.00|81.57|392|2017
2.0|Lorenzo Harrison III|SO|RB|7|78|304|3.90|0|11.14|43.43|392|2017
3.0|Javon Leake|FR|RB|4|7|103|14.71|2|1.75|25.75|392|2017
4.0|Jake Funk|SO|RB|7|10|66|6.60|2|1.43|9.43|392|2017
5.0|Tyrrell Pigrome|SO|QB|1|11|64|5.82|1|11.00|64.00|392|2017
6.0|Kasim Hill|FR|QB|3|12|60|5.00|1|4.00|20.00|392|2017
7.0|DJ Moore|JR|WR|7|4|50|12.50|1|0.57|7.14|392|2017
8.0|Max Bortenschlager|SO|QB|7|49|19|0.39|2|7.00|2.71|392|2017
9.0|Ryan Brand|SO|QB|2|2|14|7.00|0|1.00|7.00|392|2017
10.0|Taivon Jacobs|SR|WR|7|2|6|3.00|0|0.29|0.86|392|2017
11.0|Caleb Henderson|JR|QB|2|5|-2|-0.40|0|2.50|-1.00|392|2017
12.0|Team|||3|7|-43|-6.14|0|2.33|-14.33|392|2017
|Total|||7|271|1212|4.47|13|38.71|173.14|392|2017
|Opponents|||7|272|1261|4.64|16|38.86|180.14|392|2017
1.0|Marquis Young|JR|RB|7|101|458|4.53|5|14.43|65.43|400|2017
2.0|Bilal Ally|SO|RB|7|56|279|4.98|3|8.00|39.86|400|2017
3.0|Nick Orekoya|SO|RB|7|12|107|8.92|0|1.71|15.29|400|2017
4.0|Andy Isabella|JR|WR|7|9|100|11.11|1|1.29|14.29|400|2017
5.0|Ross Comis|JR|QB|7|21|84|4.00|2|3.00|12.00|400|2017
6.0|Jack Driscoll|SO|OL|7|0|8|-|0|-|-|400|2017
7.0|Brennon Dingle|FR|WR|7|3|-2|-0.67|0|0.43|-0.29|400|2017
8.0|Team|||5|3|-3|-1.00|0|0.60|-0.60|400|2017
9.0|Andrew Ford|JR|QB|7|49|-66|-1.35|2|7.00|-9.43|400|2017
|Total|||7|254|965|3.80|13|36.29|137.86|400|2017
|Opponents|||7|284|1318|4.64|15|40.57|188.29|400|2017
1.0|Darrell Henderson|SO|RB|7|71|541|7.62|3|10.14|77.29|404|2017
2.0|Patrick Taylor Jr.|SO|RB|6|71|346|4.87|7|11.83|57.67|404|2017
3.0|Doroland Dorceus|SR|RB|4|26|134|5.15|2|6.50|33.50|404|2017
4.0|Tony Pollard|SO|RB|7|16|50|3.13|0|2.29|7.14|404|2017
5.0|David Moore|FR|QB|2|4|37|9.25|0|2.00|18.50|404|2017
6.0|Anthony Miller|SR|WR|7|6|20|3.33|0|0.86|2.86|404|2017
7.0|John Williams|SO|WR|7|1|10|10.00|0|0.14|1.43|404|2017
8.0|Sean Dykes|SO|TE|7|1|7|7.00|0|0.14|1.00|404|2017
9.0|Jonathan Wilson|SO|DL|7|1|4|4.00|0|0.14|0.57|404|2017
10.0|Riley Ferguson|SR|QB|7|25|-15|-0.60|1|3.57|-2.14|404|2017
11.0|Team|||5|11|-23|-2.09|0|2.20|-4.60|404|2017
|Total|||7|233|1111|4.77|13|33.29|158.71|404|2017
|Opponents|||7|326|1489|4.57|16|46.57|212.71|404|2017
1.0|Travis Homer|SO|RB|6|65|472|7.26|5|10.83|78.67|415|2017
2.0|Mark Walton|JR|RB|4|56|428|7.64|3|14.00|107.00|415|2017
3.0|Malik Rosier|JR|QB|6|57|191|3.35|2|9.50|31.83|415|2017
4.0|Trayone Gray|JR|RB|3|6|40|6.67|0|2.00|13.33|415|2017
5.0|Jeff Thomas|FR|WR|6|1|4|4.00|0|0.17|0.67|415|2017
6.0|Team|||5|7|-22|-3.14|0|1.40|-4.40|415|2017
|Total|||6|192|1113|5.80|10|32.00|185.50|415|2017
|Opponents|||6|258|1082|4.19|3|43.00|180.33|415|2017
1.0|Kenny Young|JR|RB|8|107|566|5.29|4|13.38|70.75|414|2017
2.0|Alonzo Smith|JR|RB|7|106|463|4.37|1|15.14|66.14|414|2017
3.0|Gus Ragland|JR|QB|6|59|118|2.00|3|9.83|19.67|414|2017
4.0|Maurice Thomas|JR|RB|3|11|38|3.45|0|3.67|12.67|414|2017
5.0|Jaylon Bester|FR|WR|6|8|35|4.38|0|1.33|5.83|414|2017
6.0|Leonard Ross|SO|RB|3|6|11|1.83|1|2.00|3.67|414|2017
7.0|Grant Niemiec|SR|TE|8|5|9|1.80|0|0.63|1.13|414|2017
8.0|Isaiah Hill|SO|WR|4|1|3|3.00|0|0.25|0.75|414|2017
9.0|Billy Bahl|JR|QB|3|8|-9|-1.13|0|2.67|-3.00|414|2017
10.0|Team|||6|7|-20|-2.86|0|1.17|-3.33|414|2017
|Total|||8|318|1214|3.82|9|39.75|151.75|414|2017
|Opponents|||8|284|1319|4.64|7|35.50|164.88|414|2017
1.0|Karan Higdon|JR|RB|7|85|446|5.25|6|12.14|63.71|418|2017
2.0|Ty Isaac|SR|RB|7|74|439|5.93|2|10.57|62.71|418|2017
3.0|Chris Evans|SO|RB|7|71|269|3.79|2|10.14|38.43|418|2017
4.0|Donovan Peoples-Jones|FR|WR|7|2|50|25.00|0|0.29|7.14|418|2017
5.0|Eddie McDoom|SO|WR|7|5|30|6.00|0|0.71|4.29|418|2017
6.0|Kareem Walker|SO|RB|2|4|15|3.75|0|2.00|7.50|418|2017
7.0|Khalid Hill|SR|RB|7|8|14|1.75|1|1.14|2.00|418|2017
8.0|O'Maury Samuels|FR|RB|4|1|3|3.00|0|0.25|0.75|418|2017
9.0|Team|||3|2|-3|-1.50|0|0.67|-1.00|418|2017
10.0|John O'Korn|SR|QB|6|31|-9|-0.29|0|5.17|-1.50|418|2017
11.0|Wilton Speight|SR|QB|4|14|-41|-2.93|0|3.50|-10.25|418|2017
|Total|||7|297|1213|4.08|11|42.43|173.29|418|2017
|Opponents|||7|230|739|3.21|8|32.86|105.57|418|2017
1.0|LJ Scott|JR|RB|6|105|495|4.71|4|17.50|82.50|416|2017
2.0|Brian Lewerke|SO|QB|7|66|313|4.74|3|9.43|44.71|416|2017
3.0|Madre London|JR|RB|7|60|242|4.03|2|8.57|34.57|416|2017
4.0|Gerald Holmes|SR|RB|5|38|132|3.47|0|7.60|26.40|416|2017
5.0|Darrell Stewart Jr.|SO|WR|7|17|112|6.59|0|2.43|16.00|416|2017
6.0|Felton Davis III|JR|WR|7|1|16|16.00|0|0.14|2.29|416|2017
7.0|Hunter Rison|FR|WR|7|2|7|3.50|0|0.29|1.00|416|2017
8.0|Cody White|FR|WR|7|1|3|3.00|0|0.14|0.43|416|2017
9.0|Matt Sokol|JR|TE|7|1|-4|-4.00|0|0.14|-0.57|416|2017
10.0|Jake Hartbarger|JR|P|7|1|-28|-28.00|0|0.14|-4.00|416|2017
11.0|Team|||6|9|-46|-5.11|0|1.50|-7.67|416|2017
|Total|||7|301|1242|4.13|9|43.00|177.43|416|2017
|Opponents|||7|226|654|2.89|5|32.29|93.43|416|2017
1.0|Brad Anderson|FR|RB|7|74|418|5.65|0|10.57|59.71|419|2017
2.0|Jocquez Bruce|SO|RB|7|27|129|4.78|1|3.86|18.43|419|2017
3.0|Tavares Thomas|JR|LB|8|21|103|4.90|3|2.63|12.88|419|2017
4.0|Ty Lee|SO|WR|8|35|99|2.83|1|4.38|12.38|419|2017
5.0|Richie James|JR|WR|5|10|57|5.70|0|2.00|11.40|419|2017
6.0|Maurice Gordon|JR|RB|1|7|26|3.71|0|7.00|26.00|419|2017
7.0|Shane Tucker|SR|WR|6|3|22|7.33|0|0.50|3.67|419|2017
8.0|Terelle West|SO|RB|3|8|21|2.63|0|2.67|7.00|419|2017
9.0|Brent Stockstill|JR|QB|3|21|21|1.00|0|7.00|7.00|419|2017
10.0|Will Mitchell|FR|RB|3|4|17|4.25|0|1.33|5.67|419|2017
11.0|John Urzua|SO|QB|6|22|-10|-0.45|0|3.67|-1.67|419|2017
12.0|Kyle Banks|FR|QB|3|3|-12|-4.00|0|1.00|-4.00|419|2017
13.0|Team|||3|3|-30|-10.00|0|1.00|-10.00|419|2017
|Total|||8|238|861|3.62|5|29.75|107.63|419|2017
|Opponents|||8|335|1214|3.62|17|41.88|151.75|419|2017
1.0|Rodney Smith|JR|RB|7|138|545|3.95|2|19.71|77.86|428|2017
2.0|Shannon Brooks|JR|RB|5|70|329|4.70|5|14.00|65.80|428|2017
3.0|Kobe McCrary|SR|RB|7|51|268|5.25|4|7.29|38.29|428|2017
4.0|Demry Croft|SO|QB|4|25|159|6.36|1|6.25|39.75|428|2017
5.0|Jonathan Femi-Cole|SO|RB|2|5|16|3.20|0|2.50|8.00|428|2017
6.0|Conor Rhoda|SR|QB|6|18|11|0.61|0|3.00|1.83|428|2017
7.0|Phillip Howard|FR|WR|6|1|4|4.00|0|0.17|0.67|428|2017
8.0|Demetrius Douglas|FR|WR|3|2|3|1.50|0|0.67|1.00|428|2017
9.0|Team|||2|6|-19|-3.17|0|3.00|-9.50|428|2017
|Total|||7|316|1316|4.16|12|45.14|188.00|428|2017
|Opponents|||7|225|937|4.16|8|32.14|133.86|428|2017
1.0|Jordan Wilkins|SR|RB|7|84|468|5.57|4|12.00|66.86|433|2017
2.0|Eric Swinney|SO|RB|6|23|162|7.04|1|3.83|27.00|433|2017
3.0|D'Vaughn Pennamon|SO|RB|7|34|98|2.88|2|4.86|14.00|433|2017
4.0|Jordan Ta'amu|JR|QB|3|6|52|8.67|0|2.00|17.33|433|2017
5.0|D.K. Buford|JR|RB|7|5|12|2.40|0|0.71|1.71|433|2017
6.0|Eugene Brazley|SR|RB|2|2|9|4.50|0|1.00|4.50|433|2017
7.0|Shea Patterson|SO|QB|7|47|-16|-0.34|1|6.71|-2.29|433|2017
|Total|||7|201|785|3.91|8|28.71|112.14|433|2017
|Opponents|||7|315|1824|5.79|18|45.00|260.57|433|2017
1.0|Aeris Williams|JR|RB|7|117|594|5.08|2|16.71|84.86|430|2017
2.0|Nick Fitzgerald|JR|QB|7|81|561|6.93|9|11.57|80.14|430|2017
3.0|Kylin Hill|FR|RB|7|45|250|5.56|1|6.43|35.71|430|2017
4.0|Nick Gibson|SO|RB|7|31|185|5.97|0|4.43|26.43|430|2017
5.0|Keytaon Thompson|FR|QB|7|21|177|8.43|2|3.00|25.29|430|2017
6.0|Dontavian Lee|JR|RB|7|14|55|3.93|1|2.00|7.86|430|2017
7.0|Keith Mixon|SO|WR|6|2|13|6.50|0|0.33|2.17|430|2017
8.0|Alec Murphy|SO|RB|6|2|9|4.50|0|0.33|1.50|430|2017
9.0|Deddrick Thomas|SO|WR|7|2|8|4.00|0|0.29|1.14|430|2017
10.0|Bennie Braswell III|SR|ATH|1|1|4|4.00|0|1.00|4.00|430|2017
11.0|Logan Cooke|SR|P|7|1|3|3.00|0|0.14|0.43|430|2017
12.0|Team|||5|6|-7|-1.17|0|1.20|-1.40|430|2017
|Total|||7|323|1852|5.73|15|46.14|264.57|430|2017
|Opponents|||7|245|894|3.65|9|35.00|127.71|430|2017
1.0|Damarea Crockett|SO|RB|6|80|481|6.01|2|13.33|80.17|434|2017
2.0|Ish Witter|SR|RB|7|65|348|5.35|2|9.29|49.71|434|2017
3.0|Larry Rountree III|FR|RB|7|43|226|5.26|1|6.14|32.29|434|2017
4.0|Dawson Downing|FR|RB|1|3|30|10.00|0|3.00|30.00|434|2017
5.0|Micah Wilson|FR|QB|2|3|19|6.33|0|1.50|9.50|434|2017
6.0|Dimetrios Mason|SO|WR|4|1|19|19.00|0|0.25|4.75|434|2017
7.0|Drew Lock|JR|QB|7|18|17|0.94|1|2.57|2.43|434|2017
8.0|Corey Fatony|JR|P|7|1|3|3.00|0|0.14|0.43|434|2017
9.0|Dominic Collins|SR|WR|6|1|1|1.00|0|0.17|0.17|434|2017
10.0|Jack Lowary|SO|QB|1|1|0|0.00|0|1.00|0.00|434|2017
11.0|Johnathon Johnson|SO|WR|7|1|0|0.00|0|0.14|0.00|434|2017
12.0|Team|||4|3|-23|-7.67|0|0.75|-5.75|434|2017
|Total|||7|220|1121|5.10|6|31.43|160.14|434|2017
|Opponents|||7|310|1418|4.57|20|44.29|202.57|434|2017
1.0|Zach Abey|JR|QB|7|208|1142|5.49|13|29.71|163.14|726|2017
2.0|Malcolm Perry|SO|RB|7|39|431|11.05|3|5.57|61.57|726|2017
3.0|Chris High|SR|RB|6|89|402|4.52|1|14.83|67.00|726|2017
4.0|Darryl Bonner|SR|RB|5|22|129|5.86|1|4.40|25.80|726|2017
5.0|Josh Brown|SR|RB|5|6|92|15.33|2|1.20|18.40|726|2017
6.0|Joshua Walker|SR|RB|2|9|89|9.89|2|4.50|44.50|726|2017
7.0|Anthony Gargiulo|JR|RB|5|20|80|4.00|1|4.00|16.00|726|2017
8.0|Tre Walker|JR|RB|3|9|68|7.56|1|3.00|22.67|726|2017
9.0|John Brown III|SR|RB|7|8|66|8.25|0|1.14|9.43|726|2017
10.0|Keoni-Kordell Makekau|FR|RB|6|4|44|11.00|0|0.67|7.33|726|2017
11.0|Garret Lewis|JR|QB|2|11|39|3.55|0|5.50|19.50|726|2017
12.0|Jahmaal Daniel|SR|RB|5|4|32|8.00|0|0.80|6.40|726|2017
13.0|Mike Martin|JR|RB|1|5|19|3.80|0|5.00|19.00|726|2017
14.0|Brandon Colon|SR|WR|7|1|9|9.00|0|0.14|1.29|726|2017
15.0|Nelson Smith|FR|RB|7|3|7|2.33|0|0.43|1.00|726|2017
16.0|Team|||7|6|-16|-2.67|0|0.86|-2.29|726|2017
|Total|||7|444|2633|5.93|25|63.43|376.14|726|2017
|Opponents|||7|258|1223|4.74|12|36.86|174.71|726|2017
1.0|Devine Ozigbo|JR|RB|5|76|351|4.62|1|15.20|70.20|463|2017
2.0|Tre Bryant|SO|RB|2|51|299|5.86|2|25.50|149.50|463|2017
3.0|Mikale Wilbon|JR|RB|6|59|254|4.31|3|9.83|42.33|463|2017
4.0|Jaylin Bradley|FR|RB|3|7|23|3.29|0|2.33|7.67|463|2017
5.0|De'Mornay Pierson-El|SR|WR|7|2|23|11.50|0|0.29|3.29|463|2017
6.0|JD Spielman|FR|WR|7|6|20|3.33|0|0.86|2.86|463|2017
7.0|Nick Gates|JR|OL|7|0|6|-|0|-|-|463|2017
8.0|Luke McNitt|SR|RB|7|3|6|2.00|0|0.43|0.86|463|2017
9.0|Tyjon Lindsey|FR|WR|7|2|5|2.50|0|0.29|0.71|463|2017
10.0|Patrick O'Brien|FR|QB|3|3|4|1.33|0|1.00|1.33|463|2017
11.0|Stanley Morgan Jr.|JR|WR|6|1|2|2.00|0|0.17|0.33|463|2017
12.0|Team|||4|4|-8|-2.00|0|1.00|-2.00|463|2017
13.0|Tanner Lee|JR|QB|7|16|-50|-3.13|2|2.29|-7.14|463|2017
|Total|||7|230|935|4.07|8|32.86|133.57|463|2017
|Opponents|||7|253|1161|4.59|11|36.14|165.86|463|2017
1.0|Kelton Moore|SO|RB|8|91|543|5.97|2|11.38|67.88|466|2017
2.0|Jaxson Kincaide|SO|RB|5|50|268|5.36|0|10.00|53.60|466|2017
3.0|Ty Gangi|JR|QB|7|33|118|3.58|3|4.71|16.86|466|2017
4.0|Blake Wright|JR|RB|5|25|91|3.64|2|5.00|18.20|466|2017
5.0|Maliek Broady|SO|RB|8|6|24|4.00|1|0.75|3.00|466|2017
6.0|Isaiah Hamilton|FR|RB|2|4|21|5.25|0|2.00|10.50|466|2017
7.0|Russell Booze|FR|RB|2|2|4|2.00|0|1.00|2.00|466|2017
8.0|McLane Mannix|FR|WR|8|2|3|1.50|0|0.25|0.38|466|2017
9.0|Andrew Celis|JR|WR|8|1|2|2.00|0|0.13|0.25|466|2017
10.0|Daiyan Henley|FR|WR|8|1|0|0.00|0|0.13|0.00|466|2017
11.0|Griffin Dahn|SO|QB|1|1|-1|-1.00|0|1.00|-1.00|466|2017
12.0|Kaymen Cureton|FR|QB|2|22|-3|-0.14|0|11.00|-1.50|466|2017
13.0|Team|||5|2|-4|-2.00|0|0.40|-0.80|466|2017
14.0|David Cornwell|JR|QB|2|2|-9|-4.50|0|1.00|-4.50|466|2017
|Total|||8|242|1057|4.37|8|30.25|132.13|466|2017
|Opponents|||8|377|1733|4.60|16|47.13|216.63|466|2017
1.0|Tyrone Owens|JR|RB|7|79|435|5.51|3|11.29|62.14|473|2017
2.0|Richard McQuarley|SR|RB|7|67|394|5.88|6|9.57|56.29|473|2017
3.0|Daryl Chestnut|SR|RB|7|33|215|6.52|2|4.71|30.71|473|2017
4.0|Coltin Gerhart|JR|QB|5|32|205|6.41|1|6.40|41.00|473|2017
5.0|Romell Jordan|SR|RB|7|29|172|5.93|1|4.14|24.57|473|2017
6.0|Lamar Jordan|SR|QB|6|36|134|3.72|0|6.00|22.33|473|2017
7.0|Jay Griffin IV|FR|WR|7|9|102|11.33|1|1.29|14.57|473|2017
8.0|Tevaka Tuioti|FR|QB|5|16|84|5.25|0|3.20|16.80|473|2017
9.0|Kentrail Moran|FR|RB|2|4|12|3.00|0|2.00|6.00|473|2017
10.0|Bryson Carroll|FR|QB|1|1|10|10.00|0|1.00|10.00|473|2017
11.0|Daevon Vigilant|FR|RB|2|4|3|0.75|0|2.00|1.50|473|2017
12.0|Team|||6|3|-5|-1.67|0|0.50|-0.83|473|2017
|Total|||7|313|1761|5.63|14|44.71|251.57|473|2017
|Opponents|||7|244|1034|4.24|8|34.86|147.71|473|2017
1.0|Larry Rose III|SR|RB|6|92|492|5.35|3|15.33|82.00|472|2017
2.0|Jason Huntley|SO|RB|6|39|289|7.41|1|6.50|48.17|472|2017
3.0|Tyler Rogers|SR|QB|7|43|19|0.44|5|6.14|2.71|472|2017
4.0|Christian Gibson|JR|RB|6|4|1|0.25|0|0.67|0.17|472|2017
5.0|Team|||6|6|-42|-7.00|0|1.00|-7.00|472|2017
|Total|||7|184|759|4.13|9|26.29|108.43|472|2017
|Opponents|||7|290|1352|4.66|17|41.43|193.14|472|2017
1.0|Michael Carter|FR|RB|8|67|403|6.01|7|8.38|50.38|457|2017
2.0|Jordon Brown|SO|RB|8|85|371|4.36|3|10.63|46.38|457|2017
3.0|Chazz Surratt|FR|QB|7|81|152|1.88|4|11.57|21.71|457|2017
4.0|Brandon Harris|SR|QB|6|34|86|2.53|0|5.67|14.33|457|2017
5.0|Johnathon Sutton|SO|RB|5|11|49|4.45|0|2.20|9.80|457|2017
6.0|Dazz Newsome|FR|WR|5|1|11|11.00|0|0.20|2.20|457|2017
7.0|Anthony Ratliff-Williams|SO|WR|8|1|1|1.00|0|0.13|0.13|457|2017
8.0|Nathan Elliott|SO|QB|1|2|-10|-5.00|0|2.00|-10.00|457|2017
|Total|||8|282|1063|3.77|14|35.25|132.88|457|2017
|Opponents|||8|373|1787|4.79|12|46.63|223.38|457|2017
1.0|Nyheim Hines|JR|RB|7|116|648|5.59|6|16.57|92.57|490|2017
2.0|Reggie Gallaspy II|JR|RB|7|63|249|3.95|4|9.00|35.57|490|2017
3.0|Jaylen Samuels|SR|RB|7|31|191|6.16|7|4.43|27.29|490|2017
4.0|Ryan Finley|JR|QB|7|27|80|2.96|1|3.86|11.43|490|2017
5.0|Jalan McClendon|JR|QB|2|6|67|11.17|0|3.00|33.50|490|2017
6.0|Dakwa Nichols|SR|RB|5|8|37|4.63|1|1.60|7.40|490|2017
7.0|Will Eason|FR|RB|1|2|13|6.50|0|2.00|13.00|490|2017
8.0|Stephen Louis|JR|WR|7|1|-6|-6.00|0|0.14|-0.86|490|2017
9.0|Jakobi Meyers|SO|WR|6|3|-12|-4.00|0|0.50|-2.00|490|2017
10.0|Team|||7|11|-25|-2.27|0|1.57|-3.57|490|2017
|Total|||7|268|1242|4.63|19|38.29|177.43|490|2017
|Opponents|||7|210|639|3.04|6|30.00|91.29|490|2017
1.0|Jeffery Wilson|SR|RB|7|120|798|6.65|10|17.14|114.00|497|2017
2.0|Nic Smith|FR|RB|7|49|235|4.80|2|7.00|33.57|497|2017
3.0|Evan Johnson|FR|RB|7|22|134|6.09|1|3.14|19.14|497|2017
4.0|Mason Fine|SO|QB|7|45|51|1.13|1|6.43|7.29|497|2017
5.0|Quinn Shanbour|JR|QB|7|5|46|9.20|0|0.71|6.57|497|2017
6.0|Andrew Tucker|SR|RB|7|6|45|7.50|1|0.86|6.43|497|2017
7.0|Jalen Guyton|SO|WR|7|3|12|4.00|0|0.43|1.71|497|2017
8.0|Christian Hosley|SO|RB|7|4|2|0.50|0|0.57|0.29|497|2017
9.0|Jaelon Darden|FR|WR|7|1|1|1.00|0|0.14|0.14|497|2017
10.0|Team|||4|4|-22|-5.50|0|1.00|-5.50|497|2017
|Total|||7|259|1302|5.03|15|37.00|186.00|497|2017
|Opponents|||7|280|1263|4.51|17|40.00|180.43|497|2017
1.0|Jordan Huff|SR|RB|6|85|450|5.29|1|14.17|75.00|503|2017
2.0|Marcus Childers|FR|QB|6|75|275|3.67|2|12.50|45.83|503|2017
3.0|Marcus Jones|SO|RB|6|40|187|4.68|2|6.67|31.17|503|2017
4.0|Tommy Mister|JR|RB|7|31|155|5.00|1|4.43|22.14|503|2017
5.0|Ryan Graham|JR|QB|1|12|99|8.25|0|12.00|99.00|503|2017
6.0|D.J. Brown|JR|WR|7|14|72|5.14|0|2.00|10.29|503|2017
7.0|Dwayne Milton|JR|RB|6|9|69|7.67|0|1.50|11.50|503|2017
8.0|Tre Harbison|FR|RB|4|9|51|5.67|0|2.25|12.75|503|2017
9.0|Christian Blake|SR|WR|7|9|30|3.33|0|1.29|4.29|503|2017
10.0|Jauan Wesley|JR|WR|7|1|9|9.00|1|0.14|1.29|503|2017
11.0|Jonathan Parker|SR|DB|7|1|3|3.00|0|0.14|0.43|503|2017
12.0|Spencer Tears|SO|WR|7|2|0|0.00|0|0.29|0.00|503|2017
13.0|Chad Beebe|SR|WR|4|1|-1|-1.00|0|0.25|-0.25|503|2017
14.0|Andrew Parchment|FR|WR|5|1|-4|-4.00|0|0.20|-0.80|503|2017
15.0|Daniel Santacaterina|SO|QB|5|21|-25|-1.19|0|4.20|-5.00|503|2017
16.0|Team|||5|8|-29|-3.63|0|1.60|-5.80|503|2017
|Total|||7|319|1341|4.20|7|45.57|191.57|503|2017
|Opponents|||7|281|753|2.68|4|40.14|107.57|503|2017
1.0|Justin Jackson|SR|RB|7|133|603|4.53|6|19.00|86.14|509|2017
2.0|Jeremy Larkin|FR|RB|7|38|160|4.21|2|5.43|22.86|509|2017
3.0|Matt Alviti|SR|QB|3|4|88|22.00|1|1.33|29.33|509|2017
4.0|Jelani Roberts|JR|WR|3|5|54|10.80|0|1.67|18.00|509|2017
5.0|Jesse Brown|FR|RB|7|5|34|6.80|1|0.71|4.86|509|2017
6.0|John Moten IV|SO|RB|7|13|23|1.77|0|1.86|3.29|509|2017
7.0|TJ Green|SO|QB|2|2|1|0.50|0|1.00|0.50|509|2017
8.0|Clayton Thorson|JR|QB|7|60|0|0.00|4|8.57|0.00|509|2017
9.0|Riley Lees|FR|WR|7|3|0|0.00|0|0.43|0.00|509|2017
10.0|Garrett Dickerson|SR|RB|7|1|-1|-1.00|0|0.14|-0.14|509|2017
11.0|Team|||6|4|-4|-1.00|0|0.67|-0.67|509|2017
|Total|||7|268|958|3.57|14|38.29|136.86|509|2017
|Opponents|||7|254|849|3.34|9|36.29|121.29|509|2017
1.0|Josh Adams|JR|RB|7|105|967|9.21|8|15.00|138.14|513|2017
2.0|Brandon Wimbush|JR|QB|6|82|508|6.20|10|13.67|84.67|513|2017
3.0|Deon McIntosh|SO|RB|5|44|241|5.48|4|8.80|48.20|513|2017
4.0|Dexter Williams|JR|RB|4|20|214|10.70|4|5.00|53.50|513|2017
5.0|Tony Jones Jr.|SO|RB|6|27|139|5.15|2|4.50|23.17|513|2017
6.0|Ian Book|SO|QB|6|19|96|5.05|0|3.17|16.00|513|2017
7.0|C.J. Holmes|FR|RB|3|8|32|4.00|0|2.67|10.67|513|2017
8.0|Kevin Stepherson|SO|WR|3|2|24|12.00|0|0.67|8.00|513|2017
9.0|Michael Young|FR|WR|7|1|6|6.00|0|0.14|0.86|513|2017
10.0|Cameron Smith|SR|WR|6|2|5|2.50|0|0.33|0.83|513|2017
11.0|C.J. Sanders|JR|WR|7|1|0|0.00|0|0.14|0.00|513|2017
12.0|Chase Claypool|SO|WR|7|1|-2|-2.00|0|0.14|-0.29|513|2017
13.0|Team|||3|3|-5|-1.67|0|1.00|-1.67|513|2017
|Total|||7|315|2225|7.06|28|45.00|317.86|513|2017
|Opponents|||7|248|883|3.56|1|35.43|126.14|513|2017
1.0|A.J. Ouellette|JR|RB|8|120|747|6.23|6|15.00|93.38|519|2017
2.0|Nathan Rourke|SO|QB|8|79|499|6.32|13|9.88|62.38|519|2017
3.0|Dorian Brown|SR|RB|8|74|443|5.99|4|9.25|55.38|519|2017
4.0|Julian Ross|FR|RB|6|35|130|3.71|3|5.83|21.67|519|2017
5.0|David Burroughs|JR|RB|6|11|97|8.82|0|1.83|16.17|519|2017
6.0|Dylan Wears|SO|RB|8|8|44|5.50|2|1.00|5.50|519|2017
7.0|Michael Farkas|SO|K|8|1|16|16.00|0|0.13|2.00|519|2017
8.0|DL Knock|SO|WR|8|1|1|1.00|0|0.13|0.13|519|2017
9.0|Quinton Maxwell|SO|QB|4|7|0|0.00|0|1.75|0.00|519|2017
10.0|Papi White|JR|WR|4|1|0|0.00|0|0.25|0.00|519|2017
11.0|Andrew Meyer|JR|WR|7|1|-1|-1.00|0|0.14|-0.14|519|2017
12.0|Brendan Cope|SR|WR|7|1|-2|-2.00|0|0.14|-0.29|519|2017
13.0|Team|||6|5|-27|-5.40|0|0.83|-4.50|519|2017
|Total|||8|344|1947|5.66|28|43.00|243.38|519|2017
|Opponents|||8|287|1009|3.52|8|35.88|126.13|519|2017
1.0|J.K. Dobbins|FR|RB|7|100|775|7.75|5|14.29|110.71|518|2017
2.0|J.T. Barrett|SR|QB|7|70|359|5.13|5|10.00|51.29|518|2017
3.0|Mike Weber|SO|RB|5|48|227|4.73|4|9.60|45.40|518|2017
4.0|Antonio Williams|SO|RB|5|30|187|6.23|3|6.00|37.40|518|2017
5.0|Demario McCall|FR|RB|4|14|111|7.93|1|3.50|27.75|518|2017
6.0|Parris Campbell|JR|WR|7|5|51|10.20|1|0.71|7.29|518|2017
7.0|Dwayne Haskins|FR|QB|5|13|39|3.00|0|2.60|7.80|518|2017
8.0|Jordan Leasure|SO|RB|2|1|5|5.00|0|0.50|2.50|518|2017
9.0|Joe Burrow|SO|QB|3|2|5|2.50|0|0.67|1.67|518|2017
10.0|Jared Drake|JR|LB|3|2|3|1.50|0|0.67|1.00|518|2017
11.0|K.J. Hill|SO|WR|7|2|1|0.50|0|0.29|0.14|518|2017
12.0|Team|||4|4|-9|-2.25|0|1.00|-2.25|518|2017
|Total|||7|291|1754|6.03|19|41.57|250.57|518|2017
|Opponents|||7|262|767|2.93|5|37.43|109.57|518|2017
1.0|Trey Sermon|FR|RB|7|85|487|5.73|3|12.14|69.57|522|2017
2.0|Abdul Adams|SO|RB|5|35|372|10.63|1|7.00|74.40|522|2017
3.0|Rodney Anderson|SO|RB|7|41|229|5.59|3|5.86|32.71|522|2017
4.0|Baker Mayfield|SR|QB|7|48|170|3.54|3|6.86|24.29|522|2017
5.0|Marcelias Sutton|JR|RB|6|21|122|5.81|2|3.50|20.33|522|2017
6.0|Kyler Murray|SO|QB|4|7|29|4.14|0|1.75|7.25|522|2017
7.0|Dimitri Flowers|SR|RB|7|8|11|1.38|3|1.14|1.57|522|2017
8.0|Jeff Badet|SR|WR|7|3|7|2.33|0|0.43|1.00|522|2017
9.0|Najee Bissoon|SR|RB|1|3|4|1.33|0|3.00|4.00|522|2017
10.0|Jordan Smallwood|SR|WR|7|1|3|3.00|1|0.14|0.43|522|2017
11.0|Joe Castiglione, Jr.|SO|RB|1|1|1|1.00|0|1.00|1.00|522|2017
12.0|Jaxon Uhles|SR|RB|6|1|1|1.00|1|0.17|0.17|522|2017
13.0|Team|||3|4|-8|-2.00|0|1.33|-2.67|522|2017
14.0|Austin Seibert|JR|K|7|1|-32|-32.00|0|0.14|-4.57|522|2017
|Total|||7|259|1396|5.39|17|37.00|199.43|522|2017
|Opponents|||7|265|1025|3.87|11|37.86|146.43|522|2017
1.0|Justice Hill|SO|RB|7|139|750|5.40|5|19.86|107.14|521|2017
2.0|J.D. King|FR|RB|7|53|303|5.72|3|7.57|43.29|521|2017
3.0|LD Brown|FR|RB|5|21|157|7.48|1|4.20|31.40|521|2017
4.0|Taylor Cornelius|JR|QB|3|4|58|14.50|1|1.33|19.33|521|2017
5.0|Mason Rudolph|SR|QB|7|34|57|1.68|6|4.86|8.14|521|2017
6.0|Keondre Wudtee|FR|QB|2|3|29|9.67|0|1.50|14.50|521|2017
7.0|Ja'Ron Wilson|FR|RB|2|11|22|2.00|0|5.50|11.00|521|2017
8.0|Tyron Johnson|SO|WR|6|1|11|11.00|0|0.17|1.83|521|2017
9.0|James Washington|SR|WR|7|2|1|0.50|1|0.29|0.14|521|2017
10.0|Team|||4|5|-45|-9.00|0|1.25|-11.25|521|2017
|Total|||7|273|1343|4.92|17|39.00|191.86|521|2017
|Opponents|||7|278|941|3.38|11|39.71|134.43|521|2017
1.0|Jeremy Cox|JR|RB|7|114|488|4.28|3|16.29|69.71|523|2017
2.0|Ray Lawry|SR|RB|3|46|250|5.43|4|15.33|83.33|523|2017
3.0|Steven Williams|FR|QB|5|36|107|2.97|0|7.20|21.40|523|2017
4.0|Gemonta Jackson|SO|RB|5|12|67|5.58|1|2.40|13.40|523|2017
5.0|Brandon Sinclair|FR|RB|7|9|41|4.56|0|1.29|5.86|523|2017
6.0|Brandon Simmons|SR|RB|4|13|39|3.00|1|3.25|9.75|523|2017
7.0|Blake LaRussa|SO|QB|3|7|30|4.29|0|2.33|10.00|523|2017
8.0|Jordan Hoy|SO|QB|3|12|26|2.17|1|4.00|8.67|523|2017
9.0|Isaiah Harper|JR|WR|7|4|10|2.50|0|0.57|1.43|523|2017
10.0|Josh Marriner|SR|RB|7|1|3|3.00|0|0.14|0.43|523|2017
11.0|Team|||2|2|-3|-1.50|0|1.00|-1.50|523|2017
|Total|||7|256|1058|4.13|10|36.57|151.14|523|2017
|Opponents|||7|326|1438|4.41|19|46.57|205.43|523|2017
1.0|Royce Freeman|SR|RB|8|162|957|5.91|10|20.25|119.63|529|2017
2.0|Kani Benoit|SR|RB|8|58|375|6.47|8|7.25|46.88|529|2017
3.0|Tony Brooks-James|JR|RB|8|52|212|4.08|1|6.50|26.50|529|2017
4.0|Justin Herbert|SO|QB|5|29|116|4.00|3|5.80|23.20|529|2017
5.0|Darrian Felix|FR|RB|4|15|93|6.20|1|3.75|23.25|529|2017
6.0|Braxton Burmeister|FR|QB|4|40|54|1.35|3|10.00|13.50|529|2017
7.0|Taj Griffin|JR|WR|6|11|48|4.36|0|1.83|8.00|529|2017
8.0|Taylor Alie|SR|QB|7|8|39|4.88|1|1.14|5.57|529|2017
9.0|Charles Nelson|SR|WR|5|7|24|3.43|1|1.40|4.80|529|2017
10.0|Darrian McNeal|FR|WR|5|3|21|7.00|0|0.60|4.20|529|2017
11.0|Dillon Mitchell|SO|WR|7|3|15|5.00|0|0.43|2.14|529|2017
12.0|Malik Lovette|SO|WR|8|1|9|9.00|0|0.13|1.13|529|2017
13.0|Jaylon Redd|FR|WR|5|3|3|1.00|0|0.60|0.60|529|2017
14.0|Team|||5|5|-8|-1.60|0|1.00|-1.60|529|2017
|Total|||8|397|1958|4.93|28|49.63|244.75|529|2017
|Opponents|||8|284|952|3.35|12|35.50|119.00|529|2017
1.0|Ryan Nall|JR|RB|6|86|513|5.97|7|14.33|85.50|528|2017
2.0|Artavis Pierce|SO|RB|7|48|249|5.19|1|6.86|35.57|528|2017
3.0|Thomas Tyner|SR|RB|5|27|126|4.67|1|5.40|25.20|528|2017
4.0|Trevorris Johnson|SR|RB|7|25|84|3.36|2|3.57|12.00|528|2017
5.0|Darell Garretson|SR|QB|5|17|45|2.65|1|3.40|9.00|528|2017
6.0|Jake Luton|JR|QB|4|17|27|1.59|0|4.25|6.75|528|2017
7.0|Seth Collins|JR|WR|3|5|14|2.80|0|1.67|4.67|528|2017
8.0|Calvin Tyler, Jr.|FR|RB|5|3|11|3.67|0|0.60|2.20|528|2017
9.0|Team|||4|1|-2|-2.00|0|0.25|-0.50|528|2017
10.0|Nick Porebski|SR|P|7|1|-14|-14.00|0|0.14|-2.00|528|2017
|Total|||7|230|1053|4.58|12|32.86|150.43|528|2017
|Opponents|||7|290|1401|4.83|18|41.43|200.14|528|2017
1.0|Saquon Barkley|JR|RB|7|117|757|6.47|8|16.71|108.14|539|2017
2.0|Trace McSorley|JR|QB|7|83|254|3.06|7|11.86|36.29|539|2017
3.0|Miles Sanders|SO|RB|7|12|88|7.33|1|1.71|12.57|539|2017
4.0|Andre Robinson|SO|RB|7|9|55|6.11|1|1.29|7.86|539|2017
5.0|Tommy Stevens|SO|QB|5|10|46|4.60|1|2.00|9.20|539|2017
6.0|Mark Allen|JR|RB|4|5|18|3.60|0|1.25|4.50|539|2017
7.0|Nick Eury|FR|RB|1|1|4|4.00|0|1.00|4.00|539|2017
8.0|DaeSean Hamilton|SR|WR|7|1|2|2.00|0|0.14|0.29|539|2017
9.0|Team|||5|5|-10|-2.00|0|1.00|-2.00|539|2017
|Total|||7|243|1214|5.00|18|34.71|173.43|539|2017
|Opponents|||7|270|807|2.99|6|38.57|115.29|539|2017
1.0|Darrin Hall|JR|RB|8|55|362|6.58|4|6.88|45.25|545|2017
2.0|Qadree Ollison|JR|RB|8|68|283|4.16|4|8.50|35.38|545|2017
3.0|Jordan Whitehead|JR|DB|5|20|147|7.35|1|4.00|29.40|545|2017
4.0|Quadree Henderson|JR|WR|8|24|135|5.63|0|3.00|16.88|545|2017
5.0|Chawntez Moss|SO|RB|4|41|113|2.76|2|10.25|28.25|545|2017
6.0|Ben DiNucci|SO|QB|7|36|45|1.25|1|5.14|6.43|545|2017
7.0|Maurice Ffrench|SO|DB|8|6|45|7.50|0|0.75|5.63|545|2017
8.0|A.J. Davis|FR|RB|5|15|41|2.73|1|3.00|8.20|545|2017
9.0|Kenny Pickett|FR|QB|2|4|18|4.50|0|2.00|9.00|545|2017
10.0|Brian O'Neill|JR|OL|8|1|10|10.00|0|0.13|1.25|545|2017
11.0|Avonte Maddox|SR|DB|8|2|8|4.00|0|0.25|1.00|545|2017
12.0|Rafael Araujo-Lopes|JR|WR|8|5|6|1.20|0|0.63|0.75|545|2017
13.0|Jester Weah|SR|WR|8|0|2|-|0|-|-|545|2017
14.0|Team|||5|4|-9|-2.25|0|0.80|-1.80|545|2017
15.0|Max Browne|SR|QB|6|19|-74|-3.89|0|3.17|-12.33|545|2017
|Total|||8|300|1132|3.77|13|37.50|141.50|545|2017
|Opponents|||8|281|1309|4.66|13|35.13|163.63|545|2017
1.0|Tario Fuller|SO|RB|3|43|261|6.07|2|14.33|87.00|559|2017
2.0|D.J. Knox|JR|RB|7|41|236|5.76|0|5.86|33.71|559|2017
3.0|Markell Jones|JR|RB|4|33|140|4.24|1|8.25|35.00|559|2017
4.0|Richie Worship|SO|RB|7|21|113|5.38|1|3.00|16.14|559|2017
5.0|Brian Lankford-Johnson|SO|RB|4|21|83|3.95|0|5.25|20.75|559|2017
6.0|Jared Sparks|FR|QB|7|13|70|5.38|0|1.86|10.00|559|2017
7.0|David Blough|JR|QB|7|32|54|1.69|1|4.57|7.71|559|2017
8.0|Terry Wright|JR|WR|5|3|31|10.33|0|0.60|6.20|559|2017
9.0|Gregory Phillips|SR|WR|7|2|26|13.00|0|0.29|3.71|559|2017
10.0|Joe Schopper|JR|P|7|1|13|13.00|0|0.14|1.86|559|2017
11.0|Jackson Anthrop|FR|WR|7|5|10|2.00|0|0.71|1.43|559|2017
12.0|Team|||1|2|-4|-2.00|0|2.00|-4.00|559|2017
13.0|Elijah Sindelar|SO|QB|7|14|-7|-0.50|0|2.00|-1.00|559|2017
|Total|||7|231|1026|4.44|5|33.00|146.57|559|2017
|Opponents|||7|276|1180|4.28|8|39.43|168.57|559|2017
1.0|Samuel Stewart|JR|RB|5|50|218|4.36|0|10.00|43.60|574|2017
2.0|Emmanuel Esukpa|SO|RB|7|41|211|5.15|1|5.86|30.14|574|2017
3.0|Austin Walter|JR|RB|7|34|161|4.74|1|4.86|23.00|574|2017
4.0|Jordan Myers|FR|WR|7|32|152|4.75|1|4.57|21.71|574|2017
5.0|Nahshon Ellerbe|SO|RB|7|30|107|3.57|1|4.29|15.29|574|2017
6.0|Sam Glaesmann|FR|QB|4|29|104|3.59|1|7.25|26.00|574|2017
7.0|Jackson Tyner|SO|QB|5|22|44|2.00|1|4.40|8.80|574|2017
8.0|Kylen Granson|SO|WR|7|4|43|10.75|0|0.57|6.14|574|2017
9.0|Austin Trammell|FR|WR|7|4|26|6.50|0|0.57|3.71|574|2017
10.0|Cameron Montgomery|FR|WR|4|4|24|6.00|0|1.00|6.00|574|2017
11.0|Collin Whitaker|FR|RB|2|4|7|1.75|0|2.00|3.50|574|2017
12.0|Aston Walter|JR|WR|2|1|6|6.00|0|0.50|3.00|574|2017
13.0|Lance Wright|JR|WR|7|1|-2|-2.00|0|0.14|-0.29|574|2017
14.0|Team|||3|2|-4|-2.00|0|0.67|-1.33|574|2017
15.0|Miklo Smalls|FR|QB|2|6|-6|-1.00|0|3.00|-3.00|574|2017
|Total|||7|264|1091|4.13|6|37.71|155.86|574|2017
|Opponents|||7|268|1343|5.01|17|38.29|191.86|574|2017
1.0|Gus Edwards|SR|RB|7|107|487|4.55|5|15.29|69.57|587|2017
2.0|Robert Martin|SR|RB|7|59|278|4.71|2|8.43|39.71|587|2017
3.0|Raheem Blackshear|FR|RB|7|30|216|7.20|3|4.29|30.86|587|2017
4.0|Josh Hicks|SR|RB|7|12|78|6.50|1|1.71|11.14|587|2017
5.0|Johnathan Lewis|FR|QB|5|26|73|2.81|4|5.20|14.60|587|2017
6.0|Giovanni Rescigno|JR|QB|4|19|56|2.95|0|4.75|14.00|587|2017
7.0|Kyle Bolin|SR|QB|6|11|10|0.91|0|1.83|1.67|587|2017
8.0|Aslan Pugh|FR|RB|1|1|5|5.00|0|1.00|5.00|587|2017
9.0|Janarion Grant|SR|WR|5|2|3|1.50|0|0.40|0.60|587|2017
10.0|Zach Allen|SR|QB|2|1|-1|-1.00|0|0.50|-0.50|587|2017
11.0|McDerby Ceneus|JR|RB|1|2|-3|-1.50|0|2.00|-3.00|587|2017
12.0|Team|||5|5|-28|-5.60|0|1.00|-5.60|587|2017
|Total|||7|275|1174|4.27|15|39.29|167.71|587|2017
|Opponents|||7|250|1115|4.46|6|35.71|159.29|587|2017
1.0|Xavier Jones|SO|RB|7|91|547|6.01|4|13.00|78.14|663|2017
2.0|Ke'Mon Freeman|SO|RB|7|82|382|4.66|8|11.71|54.57|663|2017
3.0|Braeden West|JR|RB|6|49|324|6.61|1|8.17|54.00|663|2017
4.0|D.J. Gillins|JR|QB|4|16|72|4.50|2|4.00|18.00|663|2017
5.0|Kayce Medlock|FR|RB|7|8|21|2.63|0|1.14|3.00|663|2017
6.0|Marcalas Johnson|SO|WR|6|2|2|1.00|0|0.33|0.33|663|2017
7.0|Courtland Sutton|JR|WR|7|1|2|2.00|1|0.14|0.29|663|2017
8.0|Trey Quinn|JR|WR|7|1|0|0.00|0|0.14|0.00|663|2017
9.0|Rafe Peavey|JR|QB|3|4|-2|-0.50|0|1.33|-0.67|663|2017
10.0|Team|||3|3|-5|-1.67|0|1.00|-1.67|663|2017
11.0|Ben Hicks|SO|QB|7|20|-61|-3.05|1|2.86|-8.71|663|2017
|Total|||7|277|1282|4.63|17|39.57|183.14|663|2017
|Opponents|||7|258|1047|4.06|10|36.86|149.57|663|2017
1.0|Rashaad Penny|SR|RB|8|179|1115|6.23|10|22.38|139.38|626|2017
2.0|Juwan Washington|SO|RB|8|76|400|5.26|2|9.50|50.00|626|2017
3.0|Ryan Agnew|SO|QB|3|5|37|7.40|0|1.67|12.33|626|2017
4.0|Chase Jasmin|FR|RB|8|10|30|3.00|1|1.25|3.75|626|2017
5.0|Chad Woolsey|JR|RB|8|3|20|6.67|0|0.38|2.50|626|2017
6.0|Tyler Wormhoudt|SR|RB|2|6|11|1.83|0|3.00|5.50|626|2017
7.0|Mikah Holder|SR|WR|8|1|6|6.00|0|0.13|0.75|626|2017
8.0|Fred Trevillion|JR|WR|8|1|-3|-3.00|0|0.13|-0.38|626|2017
9.0|Team|||5|8|-11|-1.38|0|1.60|-2.20|626|2017
10.0|Christian Chapman|JR|QB|8|56|-20|-0.36|1|7.00|-2.50|626|2017
|Total|||8|345|1585|4.59|14|43.13|198.13|626|2017
|Opponents|||8|288|1146|3.98|11|36.00|143.25|626|2017
1.0|Tyler Nevens|FR|RB|6|81|345|4.26|0|13.50|57.50|630|2017
2.0|Zamore Zigler|SO|RB|8|52|265|5.10|1|6.50|33.13|630|2017
3.0|Malike Roberson|JR|RB|8|61|206|3.38|0|7.63|25.75|630|2017
4.0|DeJon Packer|JR|RB|6|29|129|4.45|0|4.83|21.50|630|2017
5.0|Brandon Monroe|SR|RB|2|12|66|5.50|0|6.00|33.00|630|2017
6.0|Jamar Williams|FR|RB|1|2|9|4.50|0|2.00|9.00|630|2017
7.0|Michael Carrillo|JR|QB|2|1|3|3.00|0|0.50|1.50|630|2017
8.0|Team|||6|3|-9|-3.00|0|0.50|-1.50|630|2017
9.0|Montel Aaron|FR|QB|5|22|-9|-0.41|0|4.40|-1.80|630|2017
10.0|Sam Allen|SO|QB|5|9|-12|-1.33|0|1.80|-2.40|630|2017
11.0|Josh Love|SO|QB|7|18|-55|-3.06|0|2.57|-7.86|630|2017
|Total|||8|290|938|3.23|1|36.25|117.25|630|2017
|Opponents|||8|444|2226|5.01|26|55.50|278.25|630|2017
1.0|Xavier Johnson|SR|RB|7|75|448|5.97|6|10.71|64.00|646|2017
2.0|Tra Minter|SO|RB|7|68|264|3.88|0|9.71|37.71|646|2017
3.0|Denzel Foster|SR|RB|7|23|135|5.87|0|3.29|19.29|646|2017
4.0|Deonta Moore|JR|RB|7|17|58|3.41|0|2.43|8.29|646|2017
5.0|Evan Orth|JR|QB|2|1|41|41.00|0|0.50|20.50|646|2017
6.0|Dallas Davis|JR|QB|5|34|19|0.56|0|6.80|3.80|646|2017
7.0|Jalin Buie|FR|RB|7|4|19|4.75|0|0.57|2.71|646|2017
8.0|Jamarius Way|JR|WR|7|2|13|6.50|0|0.29|1.86|646|2017
9.0|Carlos Robinson II|SR|RB|7|3|9|3.00|0|0.43|1.29|646|2017
10.0|Tywun Walters|JR|RB|7|3|6|2.00|0|0.43|0.86|646|2017
11.0|Cole Garvin|JR|QB|4|15|-2|-0.13|2|3.75|-0.50|646|2017
12.0|Team|||6|7|-19|-2.71|0|1.17|-3.17|646|2017
|Total|||7|252|991|3.93|8|36.00|141.57|646|2017
|Opponents|||7|223|982|4.40|9|31.86|140.29|646|2017
1.0|Ty'Son Williams|SO|RB|7|60|328|5.47|1|8.57|46.86|648|2017
2.0|Rico Dowdle|SO|RB|7|60|206|3.43|1|8.57|29.43|648|2017
3.0|A.J. Turner|SO|RB|7|34|146|4.29|1|4.86|20.86|648|2017
4.0|Mon Denson|SO|RB|7|12|39|3.25|0|1.71|5.57|648|2017
5.0|Deebo Samuel|JR|WR|3|2|30|15.00|1|0.67|10.00|648|2017
6.0|Hayden Hurst|JR|TE|7|4|18|4.50|1|0.57|2.57|648|2017
7.0|Jake Bentley|SO|QB|7|37|14|0.38|0|5.29|2.00|648|2017
8.0|Bryan Edwards|SO|WR|7|1|11|11.00|0|0.14|1.57|648|2017
9.0|Randrecous Davis|FR|WR|6|1|1|1.00|0|0.17|0.17|648|2017
10.0|Team|||5|4|-17|-4.25|0|0.80|-3.40|648|2017
|Total|||7|215|776|3.61|5|30.71|110.86|648|2017
|Opponents|||7|267|994|3.72|8|38.14|142.00|648|2017
1.0|Darius Tice|SR|RB|7|103|634|6.16|9|14.71|90.57|651|2017
2.0|Quinton Flowers|SR|QB|7|115|613|5.33|7|16.43|87.57|651|2017
3.0|D'Ernest Johnson|SR|RB|7|129|569|4.41|5|18.43|81.29|651|2017
4.0|Trevon Sands|SO|RB|7|26|111|4.27|0|3.71|15.86|651|2017
5.0|Marquez Valdes-Scantling|SR|WR|7|6|103|17.17|1|0.86|14.71|651|2017
6.0|Deangelo Antoine|SO|WR|5|4|58|14.50|0|0.80|11.60|651|2017
7.0|Davion Sutton|JR|RB|5|10|47|4.70|0|2.00|9.40|651|2017
8.0|Elijah Mack|FR|RB|3|3|10|3.33|0|1.00|3.33|651|2017
9.0|Chris Oladokun|FR|QB|2|1|1|1.00|0|0.50|0.50|651|2017
10.0|Chris Barr|JR|WR|5|1|-1|-1.00|0|0.20|-0.20|651|2017
11.0|Brett Kean|SO|QB|5|4|-2|-0.50|0|0.80|-0.40|651|2017
12.0|Team|||5|5|-7|-1.40|0|1.00|-1.40|651|2017
|Total|||7|407|2136|5.25|22|58.14|305.14|651|2017
|Opponents|||7|238|661|2.78|7|34.00|94.43|651|2017
1.0|Ito Smith|SR|RB|7|132|781|5.92|7|18.86|111.57|664|2017
2.0|Tez Parks|JR|RB|4|28|137|4.89|0|7.00|34.25|664|2017
3.0|Keon Howard|SO|QB|6|39|122|3.13|0|6.50|20.33|664|2017
4.0|T'Rod Daniels|JR|RB|7|16|88|5.50|1|2.29|12.57|664|2017
5.0|Kwadra Griggs|JR|QB|4|36|71|1.97|1|9.00|17.75|664|2017
6.0|Allenzae Staggers|SR|WR|7|4|63|15.75|0|0.57|9.00|664|2017
7.0|Andre Hale II|FR|RB|1|6|33|5.50|0|6.00|33.00|664|2017
8.0|Jaylond Adams|FR|WR|7|4|27|6.75|0|0.57|3.86|664|2017
9.0|Collin Kilcrease|JR|RB|6|5|20|4.00|0|0.83|3.33|664|2017
10.0|Raymond Smith, Jr.|SO|RB|1|1|2|2.00|0|1.00|2.00|664|2017
11.0|Briggs Bourgeois|FR|K|7|1|-1|-1.00|0|0.14|-0.14|664|2017
12.0|Isaiah Jones|SR|WR|7|1|-2|-2.00|0|0.14|-0.29|664|2017
13.0|Team|||3|6|-22|-3.67|0|2.00|-7.33|664|2017
|Total|||7|279|1319|4.73|9|39.86|188.43|664|2017
|Opponents|||7|233|812|3.48|8|33.29|116.00|664|2017
1.0|Bryce Love|JR|RB|7|135|1387|10.27|11|19.29|198.14|674|2017
2.0|Cameron Scarlett|JR|RB|7|41|217|5.29|6|5.86|31.00|674|2017
3.0|Trevor Speights|SO|RB|4|10|62|6.20|0|2.50|15.50|674|2017
4.0|K.J. Costello|SO|QB|5|5|59|11.80|2|1.00|11.80|674|2017
5.0|Connor Wedington|FR|WR|7|2|52|26.00|0|0.29|7.43|674|2017
6.0|Dorian Maddox|SO|RB|7|12|37|3.08|0|1.71|5.29|674|2017
7.0|Jake Bailey|JR|P|7|1|17|17.00|0|0.14|2.43|674|2017
8.0|Ryan Burns|SR|QB|5|5|9|1.80|0|1.00|1.80|674|2017
9.0|Keller Chryst|SR|QB|6|14|-4|-0.29|1|2.33|-0.67|674|2017
10.0|Team|||5|9|-25|-2.78|0|1.80|-5.00|674|2017
|Total|||7|234|1811|7.74|20|33.43|258.71|674|2017
|Opponents|||7|272|1368|5.03|9|38.86|195.43|674|2017
1.0|Eric Dungey|JR|QB|8|121|486|4.02|8|15.13|60.75|688|2017
2.0|Dontae Strickland|JR|RB|8|109|403|3.70|3|13.63|50.38|688|2017
3.0|Moe Neal|SO|RB|8|42|196|4.67|1|5.25|24.50|688|2017
4.0|Markenzy Pierre|FR|RB|7|15|63|4.20|0|2.14|9.00|688|2017
5.0|Sean Riley|SO|WR|8|4|47|11.75|0|0.50|5.88|688|2017
6.0|Chris Elmore|FR|RB|8|17|47|2.76|0|2.13|5.88|688|2017
7.0|Ervin Philips|SR|WR|8|5|39|7.80|0|0.63|4.88|688|2017
8.0|Tyrone Perkins|JR|RB|5|8|18|2.25|0|1.60|3.60|688|2017
9.0|Devin C. Butler|SO|WR|8|2|14|7.00|0|0.25|1.75|688|2017
10.0|Zack Mahoney|SR|QB|5|4|4|1.00|0|0.80|0.80|688|2017
11.0|Rex Culpepper|FR|QB|8|1|-4|-4.00|0|0.13|-0.50|688|2017
12.0|Nykeim Johnson|FR|WR|7|1|-5|-5.00|0|0.14|-0.71|688|2017
13.0|Team|||5|5|-31|-6.20|0|1.00|-6.20|688|2017
|Total|||8|334|1277|3.82|12|41.75|159.63|688|2017
|Opponents|||8|265|1038|3.92|12|33.13|129.75|688|2017
1.0|Darius Anderson|SO|RB|7|91|532|5.85|6|13.00|76.00|698|2017
2.0|Kyle Hicks|SR|RB|5|60|314|5.23|1|12.00|62.80|698|2017
3.0|Sewo Olonilua|SO|RB|7|37|160|4.32|6|5.29|22.86|698|2017
4.0|Kenny Hill|SR|QB|7|42|116|2.76|2|6.00|16.57|698|2017
5.0|Shawn Robinson|FR|QB|4|12|69|5.75|0|3.00|17.25|698|2017
6.0|Kenedy Snell|FR|RB|6|19|69|3.63|1|3.17|11.50|698|2017
7.0|Jalen Reagor|FR|WR|7|6|63|10.50|0|0.86|9.00|698|2017
8.0|KaVontae Turpin|JR|WR|7|5|56|11.20|1|0.71|8.00|698|2017
9.0|Grayson Muehlstein|JR|QB|2|3|25|8.33|0|1.50|12.50|698|2017
10.0|Shaun Nixon|JR|WR|7|4|13|3.25|0|0.57|1.86|698|2017
11.0|Desmon White|SR|WR|7|1|10|10.00|0|0.14|1.43|698|2017
12.0|Stacy Boyd|SR|RB|1|2|-2|-1.00|0|2.00|-2.00|698|2017
13.0|Team|||6|11|-37|-3.36|0|1.83|-6.17|698|2017
|Total|||7|293|1388|4.74|17|41.86|198.29|698|2017
|Opponents|||7|233|565|2.42|4|33.29|80.71|698|2017
1.0|Ryquell Armstead|JR|RB|8|104|428|4.12|3|13.00|53.50|690|2017
2.0|David Hood|JR|RB|8|60|254|4.23|2|7.50|31.75|690|2017
3.0|Rob Ritrovato|JR|RB|8|21|86|4.10|1|2.63|10.75|690|2017
4.0|Isaiah Wright|SO|WR|8|13|72|5.54|1|1.63|9.00|690|2017
5.0|Nick Sharga|SR|RB|8|19|51|2.68|1|2.38|6.38|690|2017
6.0|Jager Gardner|JR|RB|3|12|37|3.08|0|4.00|12.33|690|2017
7.0|Adonis Jennings|SR|WR|8|1|22|22.00|0|0.13|2.75|690|2017
8.0|Travon Williams|SO|WR|7|5|18|3.60|0|0.71|2.57|690|2017
9.0|Shaun Bradley|SO|LB|8|2|7|3.50|0|0.25|0.88|690|2017
10.0|Randle Jones|SO|WR|7|2|-2|-1.00|0|0.29|-0.29|690|2017
11.0|Team|||5|1|-2|-2.00|0|0.20|-0.40|690|2017
12.0|Frank Nutile|JR|QB|3|9|-2|-0.22|0|3.00|-0.67|690|2017
13.0|Todd Centeio|FR|QB|2|4|-2|-0.50|0|2.00|-1.00|690|2017
14.0|Matt Hennessy|FR|OL|7|1|-3|-3.00|0|0.14|-0.43|690|2017
15.0|Logan Marchi|SO|QB|7|26|-30|-1.15|0|3.71|-4.29|690|2017
|Total|||8|280|934|3.34|8|35.00|116.75|690|2017
|Opponents|||8|311|1418|4.56|14|38.88|177.25|690|2017
1.0|John Kelly|JR|RB|7|125|615|4.92|6|17.86|87.86|694|2017
2.0|Ty Chandler|FR|RB|7|27|118|4.37|0|3.86|16.86|694|2017
3.0|Carlin Fils-aime|SO|RB|6|11|74|6.73|2|1.83|12.33|694|2017
4.0|Tim Jordan|FR|RB|7|7|36|5.14|0|1.00|5.14|694|2017
5.0|Tyler Byrd|SO|WR|6|1|15|15.00|0|0.17|2.50|694|2017
6.0|Quinten Dormady|JR|QB|6|11|13|1.18|0|1.83|2.17|694|2017
7.0|Trey Coleman|FR|RB|2|4|9|2.25|0|2.00|4.50|694|2017
8.0|Josh Palmer|FR|WR|7|1|6|6.00|0|0.14|0.86|694|2017
9.0|Marquez Callaway|SO|WR|7|1|4|4.00|0|0.14|0.57|694|2017
10.0|Jarrett Guarantano|FR|QB|5|38|-8|-0.21|0|7.60|-1.60|694|2017
11.0|Team|||5|3|-10|-3.33|0|0.60|-2.00|694|2017
|Total|||7|229|872|3.81|8|32.71|124.57|694|2017
|Opponents|||7|338|1729|5.12|16|48.29|247.00|694|2017
1.0|Chris Warren III|JR|RB|7|67|307|4.58|5|9.57|43.86|703|2017
2.0|Sam Ehlinger|FR|QB|5|84|261|3.11|2|16.80|52.20|703|2017
3.0|Kyle Porter|SO|RB|6|56|161|2.88|3|9.33|26.83|703|2017
4.0|Toneil Carter|FR|RB|5|22|111|5.05|1|4.40|22.20|703|2017
5.0|Shane Buechele|SO|QB|3|31|66|2.13|1|10.33|22.00|703|2017
6.0|Jerrod Heard|JR|WR|7|15|58|3.87|2|2.14|8.29|703|2017
7.0|Lil'Jordan Humphrey|SO|WR|7|1|37|37.00|0|0.14|5.29|703|2017
8.0|Daniel Young|FR|RB|7|4|27|6.75|0|0.57|3.86|703|2017
9.0|Reggie Hemphill-Mapps|FR|WR|7|4|26|6.50|0|0.57|3.71|703|2017
10.0|Armanti Foreman|SR|WR|5|4|14|3.50|0|0.80|2.80|703|2017
11.0|P.J. Locke III|JR|DB|7|0|4|-|0|-|-|703|2017
12.0|Team|||6|1|-5|-5.00|0|0.17|-0.83|703|2017
|Total|||7|289|1060|3.67|14|41.29|151.43|703|2017
|Opponents|||7|247|846|3.43|8|35.29|120.86|703|2017
1.0|Trayveon Williams|SO|RB|6|91|440|4.84|5|15.17|73.33|697|2017
2.0|Keith Ford|SR|RB|7|77|343|4.45|7|11.00|49.00|697|2017
3.0|Kellen Mond|FR|QB|7|80|318|3.98|3|11.43|45.43|697|2017
4.0|Kendall Bussey|SO|RB|7|37|221|5.97|1|5.29|31.57|697|2017
5.0|Jacob Kibodi|FR|RB|3|5|104|20.80|1|1.67|34.67|697|2017
6.0|Kwame Etwi|JR|RB|1|6|35|5.83|0|6.00|35.00|697|2017
7.0|Christian Kirk|JR|WR|7|3|27|9.00|0|0.43|3.86|697|2017
8.0|Jake Hubenak|SR|QB|2|9|6|0.67|0|4.50|3.00|697|2017
9.0|Roshauud Paul|FR|WR|7|1|6|6.00|0|0.14|0.86|697|2017
10.0|Nick Starkel|FR|QB|1|2|-7|-3.50|0|2.00|-7.00|697|2017
11.0|Shane Tripucka|SR|P|7|1|-8|-8.00|0|0.14|-1.14|697|2017
12.0|Team|||4|7|-53|-7.57|0|1.75|-13.25|697|2017
|Total|||7|319|1432|4.49|17|45.57|204.57|697|2017
|Opponents|||7|241|947|3.93|9|34.43|135.29|697|2017
1.0|Anthony D. Taylor|SO|RB|7|69|299|4.33|1|9.86|42.71|670|2017
2.0|Robert Brown, Jr.|FR|RB|7|50|169|3.38|0|7.14|24.14|670|2017
3.0|Anthony Smith|FR|RB|6|30|130|4.33|1|5.00|21.67|670|2017
4.0|Willie Jones III|FR|QB|5|33|128|3.88|0|6.60|25.60|670|2017
5.0|Damian Williams|SR|QB|7|74|91|1.23|4|10.57|13.00|670|2017
6.0|Jaylin Nelson|FR|QB|4|16|39|2.44|0|4.00|9.75|670|2017
7.0|Tyler Watts|JR|WR|7|3|31|10.33|0|0.43|4.43|670|2017
8.0|Thurman Morbley|SO|WR|5|3|25|8.33|0|0.60|5.00|670|2017
9.0|Hutch White|SO|WR|7|2|8|4.00|0|0.29|1.14|670|2017
10.0|Jeremiah Haydel|FR|WR|7|3|7|2.33|0|0.43|1.00|670|2017
11.0|Elijah King|SR|WR|7|1|6|6.00|0|0.14|0.86|670|2017
12.0|Dennis Johnson Jr.|JR|WR|5|1|0|0.00|0|0.20|0.00|670|2017
13.0|Brendon Rushing|SO|TE|6|1|0|0.00|0|0.17|0.00|670|2017
14.0|Mason Hays|JR|WR|4|2|-1|-0.50|0|0.50|-0.25|670|2017
15.0|Team|||4|4|-37|-9.25|0|1.00|-9.25|670|2017
|Total|||7|292|895|3.07|6|41.71|127.86|670|2017
|Opponents|||7|269|998|3.71|12|38.43|142.57|670|2017
1.0|Justin Stockton|SR|RB|7|76|495|6.51|4|10.86|70.71|700|2017
2.0|Tre King|JR|RB|7|56|320|5.71|2|8.00|45.71|700|2017
3.0|Desmond Nisby|JR|RB|7|45|215|4.78|7|6.43|30.71|700|2017
4.0|Demarcus Felton|JR|RB|6|12|67|5.58|0|2.00|11.17|700|2017
5.0|Mason Reed|JR|RB|5|7|25|3.57|0|1.40|5.00|700|2017
6.0|McLane Carter|SO|QB|2|5|23|4.60|0|2.50|11.50|700|2017
7.0|Cameron Batson|SR|WR|7|3|19|6.33|0|0.43|2.71|700|2017
8.0|Dominic Panazzolo|JR|P|7|1|13|13.00|0|0.14|1.86|700|2017
9.0|Keke Coutee|JR|WR|7|4|13|3.25|0|0.57|1.86|700|2017
10.0|Jett Duffey|FR|QB|1|4|6|1.50|0|4.00|6.00|700|2017
11.0|Caleb Woodward|SR|RB|1|1|5|5.00|0|1.00|5.00|700|2017
12.0|Quan Shorts|SO|WR|7|1|5|5.00|0|0.14|0.71|700|2017
13.0|Dylan Cantrell|SR|WR|7|1|3|3.00|1|0.14|0.43|700|2017
14.0|Derrick Willies|SR|WR|7|1|0|0.00|0|0.14|0.00|700|2017
15.0|Team|||5|6|-16|-2.67|0|1.20|-3.20|700|2017
16.0|Nic Shimonek|SR|QB|7|31|-58|-1.87|1|4.43|-8.29|700|2017
|Total|||7|254|1135|4.47|15|36.29|162.14|700|2017
|Opponents|||7|253|944|3.73|8|36.14|134.86|700|2017
1.0|Terry Swanson|SR|RB|6|120|623|5.19|7|20.00|103.83|709|2017
2.0|Art Thompkins|SO|RB|7|80|423|5.29|1|11.43|60.43|709|2017
3.0|Shakif Seymour|FR|RB|7|65|395|6.08|4|9.29|56.43|709|2017
4.0|Logan Woodside|SR|QB|7|28|48|1.71|1|4.00|6.86|709|2017
5.0|Mitchell Guadagni|SO|QB|4|3|26|8.67|0|0.75|6.50|709|2017
6.0|Michael Julian|SR|QB|6|1|2|2.00|0|0.17|0.33|709|2017
7.0|Reggie Gilliam|SO|TE|7|2|1|0.50|1|0.29|0.14|709|2017
8.0|Desmond Phillips|SO|WR|5|1|-1|-1.00|0|0.20|-0.20|709|2017
9.0|Nevone McCrimmon|FR|RB|2|4|-1|-0.25|0|2.00|-0.50|709|2017
10.0|Team|||5|6|-34|-5.67|0|1.20|-6.80|709|2017
|Total|||7|310|1482|4.78|14|44.29|211.71|709|2017
|Opponents|||7|226|1091|4.83|13|32.29|155.86|709|2017
1.0|Jordan Chunn|SR|RB|6|101|518|5.13|6|16.83|86.33|716|2017
2.0|Jamarius Henderson|SO|RB|7|32|222|6.94|3|4.57|31.71|716|2017
3.0|Josh Anderson|SR|RB|7|32|131|4.09|2|4.57|18.71|716|2017
4.0|Kaleb Barker|SO|QB|7|8|104|13.00|1|1.14|14.86|716|2017
5.0|Deondre Douglas|JR|WR|7|1|35|35.00|1|0.14|5.00|716|2017
6.0|Sidney Davis|JR|WR|7|2|29|14.50|0|0.29|4.14|716|2017
7.0|B.J. Smith|SO|RB|6|5|21|4.20|0|0.83|3.50|716|2017
8.0|Brandon Silvers|SR|QB|7|27|9|0.33|3|3.86|1.29|716|2017
9.0|John Johnson|SR|WR|7|1|5|5.00|0|0.14|0.71|716|2017
10.0|Tevaris McCormick|SR|WR|7|2|-2|-1.00|0|0.29|-0.29|716|2017
11.0|Jabir Daughtry-Frye|SO|RB|1|1|-4|-4.00|0|1.00|-4.00|716|2017
12.0|Team|||4|4|-8|-2.00|0|1.00|-2.00|716|2017
|Total|||7|216|1060|4.91|16|30.86|151.43|716|2017
|Opponents|||7|234|644|2.75|3|33.43|92.00|716|2017
1.0|Dontrell Hilliard|SR|RB|7|114|701|6.15|9|16.29|100.14|718|2017
2.0|Sherman Badie|SR|RB|7|42|294|7.00|2|6.00|42.00|718|2017
3.0|Jonathan Banks|JR|QB|6|70|286|4.09|3|11.67|47.67|718|2017
4.0|Darius Bradwell|SO|RB|7|40|247|6.18|2|5.71|35.29|718|2017
5.0|Johnathan Brantley|SO|QB|5|34|193|5.68|3|6.80|38.60|718|2017
6.0|Terren Encalade|JR|WR|7|2|77|38.50|1|0.29|11.00|718|2017
7.0|Stephon Huderson|FR|RB|7|19|70|3.68|1|2.71|10.00|718|2017
8.0|Miles Strickland|FR|RB|1|3|17|5.67|0|3.00|17.00|718|2017
9.0|Jared Bertrand|JR|RB|2|2|5|2.50|0|1.00|2.50|718|2017
10.0|Dane Ledford|FR|QB|1|1|4|4.00|0|1.00|4.00|718|2017
11.0|Andrew Zuckerman|SO|RB|2|2|4|2.00|0|1.00|2.00|718|2017
12.0|Khalil McClain|FR|QB|2|9|3|0.33|0|4.50|1.50|718|2017
13.0|Devin Glenn|JR|WR|7|1|3|3.00|0|0.14|0.43|718|2017
14.0|Jaetavian Toles|FR|WR|6|1|1|1.00|0|0.17|0.17|718|2017
15.0|Jabril Clewis|JR|WR|7|1|0|0.00|0|0.14|0.00|718|2017
16.0|Team|||5|5|-43|-8.60|0|1.00|-8.60|718|2017
|Total|||7|346|1862|5.38|21|49.43|266.00|718|2017
|Opponents|||7|300|1614|5.38|15|42.86|230.57|718|2017
1.0|D'Angelo Brewer|SR|RB|7|166|824|4.96|7|23.71|117.71|719|2017
2.0|Shamari Brooks|FR|RB|8|113|668|5.91|9|14.13|83.50|719|2017
3.0|Chad President|SO|QB|8|54|399|7.39|7|6.75|49.88|719|2017
4.0|Corey Taylor II|SO|RB|2|34|179|5.26|4|17.00|89.50|719|2017
5.0|Luke Skipper|FR|QB|4|27|22|0.81|1|6.75|5.50|719|2017
6.0|Rowdy Simon|SR|RB|5|1|4|4.00|0|0.20|0.80|719|2017
|Total|||8|395|2096|5.31|28|49.38|262.00|719|2017
|Opponents|||8|397|2302|5.80|25|49.63|287.75|719|2017
1.0|Adrian Killins, Jr.|SO|RB|6|49|413|8.43|5|8.17|68.83|128|2017
2.0|McKenzie Milton|SO|QB|6|40|245|6.13|1|6.67|40.83|128|2017
3.0|Taj McGowan|JR|RB|6|51|196|3.84|6|8.50|32.67|128|2017
4.0|Otis Anderson|FR|WR|6|18|157|8.72|1|3.00|26.17|128|2017
5.0|Cordarrian Richardson|FR|RB|5|26|118|4.54|1|5.20|23.60|128|2017
6.0|Greg McCrae|FR|RB|6|17|118|6.94|2|2.83|19.67|128|2017
7.0|Jawon Hamilton|SO|RB|2|14|51|3.64|1|7.00|25.50|128|2017
8.0|Marlon Williams|FR|WR|5|1|47|47.00|0|0.20|9.40|128|2017
9.0|Noah Vedral|FR|QB|4|8|33|4.13|1|2.00|8.25|128|2017
10.0|Dredrick Snelson|SO|WR|6|1|9|9.00|0|0.17|1.50|128|2017
11.0|Tre'Quan Smith|JR|WR|6|4|8|2.00|1|0.67|1.33|128|2017
12.0|Cedric Jordan-Williams|SR|RB|3|4|7|1.75|0|1.33|2.33|128|2017
13.0|Sean Pratt|JR|QB|1|1|1|1.00|0|1.00|1.00|128|2017
14.0|Team|||2|4|-29|-7.25|0|2.00|-14.50|128|2017
|Total|||6|238|1374|5.77|19|39.67|229.00|128|2017
|Opponents|||6|209|799|3.82|6|34.83|133.17|128|2017
1.0|Bolu Olorunfunmi|JR|RB|6|53|316|5.96|4|8.83|52.67|110|2017
2.0|Soso Jamabo|JR|RB|5|63|315|5.00|5|12.60|63.00|110|2017
3.0|Jalen Starks|SO|RB|6|26|107|4.12|4|4.33|17.83|110|2017
4.0|Brandon Stephens|SO|RB|6|14|80|5.71|0|2.33|13.33|110|2017
5.0|Nate Starks|SR|RB|3|10|46|4.60|0|3.33|15.33|110|2017
6.0|Darren Andrews|SR|WR|7|3|37|12.33|0|0.43|5.29|110|2017
7.0|Demetric Felton|FR|WR|6|4|34|8.50|1|0.67|5.67|110|2017
8.0|Giovanni Gentosi|JR|RB|7|2|8|4.00|0|0.29|1.14|110|2017
9.0|Jordan Lasley|JR|WR|5|2|3|1.50|0|0.40|0.60|110|2017
10.0|Austin Roberts|JR|TE|7|1|-1|-1.00|0|0.14|-0.14|110|2017
11.0|Devon Modster|FR|QB|2|1|-6|-6.00|0|0.50|-3.00|110|2017
12.0|Team|||3|2|-9|-4.50|0|0.67|-3.00|110|2017
13.0|Josh Rosen|JR|QB|7|30|-23|-0.77|1|4.29|-3.29|110|2017
|Total|||7|211|907|4.30|15|30.14|129.57|110|2017
|Opponents|||7|348|2124|6.10|18|49.71|303.43|110|2017
1.0|Lexington Thomas|JR|RB|7|118|877|7.43|12|16.86|125.29|465|2017
2.0|Armani Rogers|FR|QB|7|95|535|5.63|6|13.57|76.43|465|2017
3.0|Xzaviar Campbell|JR|RB|7|51|266|5.22|1|7.29|38.00|465|2017
4.0|Charles Williams|SO|RB|1|12|93|7.75|1|12.00|93.00|465|2017
5.0|Kurt Palandech|SR|QB|7|15|76|5.07|0|2.14|10.86|465|2017
6.0|Evan Owens|JR|RB|7|11|68|6.18|0|1.57|9.71|465|2017
7.0|Brandon Presley|SO|WR|7|4|29|7.25|0|0.57|4.14|465|2017
8.0|Drew Tejchman|FR|WR|6|2|21|10.50|0|0.33|3.50|465|2017
9.0|Darren Woods Jr.|SO|WR|7|1|6|6.00|0|0.14|0.86|465|2017
10.0|Team|||4|3|-2|-0.67|0|0.75|-0.50|465|2017
|Total|||7|312|1969|6.31|20|44.57|281.29|465|2017
|Opponents|||7|341|1737|5.09|20|48.71|248.14|465|2017
1.0|Ronald Jones II|JR|RB|7|114|672|5.89|8|16.29|96.00|657|2017
2.0|Stephen Carr|FR|RB|5|52|309|5.94|3|10.40|61.80|657|2017
3.0|Vavae Malepeai|FR|RB|8|32|174|5.44|0|4.00|21.75|657|2017
4.0|Aca'Cedric Ware|JR|RB|8|23|81|3.52|0|2.88|10.13|657|2017
5.0|Matt Fink|FR|QB|2|5|69|13.80|1|2.50|34.50|657|2017
6.0|Sam Darnold|SO|QB|8|43|29|0.67|3|5.38|3.63|657|2017
7.0|Velus Jones Jr.|FR|WR|8|4|12|3.00|0|0.50|1.50|657|2017
8.0|James Toland IV|SR|RB|8|3|9|3.00|0|0.38|1.13|657|2017
9.0|Deontay Burnett|JR|WR|8|1|3|3.00|0|0.13|0.38|657|2017
10.0|Team|||7|10|-18|-1.80|0|1.43|-2.57|657|2017
|Total|||8|287|1340|4.67|15|35.88|167.50|657|2017
|Opponents|||8|296|1404|4.74|12|37.00|175.50|657|2017
1.0|Quardraiz Wadley|SO|RB|4|54|271|5.02|1|13.50|67.75|704|2017
2.0|Kevin Dove|SO|RB|7|44|150|3.41|0|6.29|21.43|704|2017
3.0|Walter Dawn Jr.|SO|RB|7|21|67|3.19|1|3.00|9.57|704|2017
4.0|Zack Greenlee|SR|QB|5|16|37|2.31|1|3.20|7.40|704|2017
5.0|Joshua Fields|FR|RB|6|16|25|1.56|0|2.67|4.17|704|2017
6.0|Keynan Foster|SO|WR|4|2|19|9.50|0|0.50|4.75|704|2017
7.0|Mark Torrez|FR|QB|5|12|17|1.42|1|2.40|3.40|704|2017
8.0|Ronald Awatt|FR|RB|2|5|13|2.60|0|2.50|6.50|704|2017
9.0|Warren Redix|JR|WR|7|1|6|6.00|0|0.14|0.86|704|2017
10.0|Team|||1|1|-1|-1.00|0|1.00|-1.00|704|2017
11.0|Kavika Johnson|JR|WR|7|4|-6|-1.50|0|0.57|-0.86|704|2017
12.0|Ryan Metz|JR|QB|5|14|-15|-1.07|2|2.80|-3.00|704|2017
|Total|||7|190|583|3.07|6|27.14|83.29|704|2017
|Opponents|||7|309|1620|5.24|23|44.14|231.43|704|2017
1.0|Jalen Rhodes|JR|RB|6|90|496|5.51|3|15.00|82.67|706|2017
2.0|Tyrell Clay|SR|RB|6|63|374|5.94|2|10.50|62.33|706|2017
3.0|Dalton Sturm|SR|QB|6|55|315|5.73|1|9.17|52.50|706|2017
4.0|Brett Winnegan|JR|RB|6|6|95|15.83|1|1.00|15.83|706|2017
5.0|B.J. Daniels|FR|RB|4|13|55|4.23|0|3.25|13.75|706|2017
6.0|Greg Campbell Jr.|JR|WR|6|4|35|8.75|0|0.67|5.83|706|2017
7.0|Brady Jones|SR|WR|6|1|-11|-11.00|0|0.17|-1.83|706|2017
8.0|Bryce Rivers|FR|QB|2|2|-12|-6.00|0|1.00|-6.00|706|2017
9.0|Team|||5|9|-13|-1.44|0|1.80|-2.60|706|2017
|Total|||6|243|1334|5.49|8|40.50|222.33|706|2017
|Opponents|||6|199|746|3.75|4|33.17|124.33|706|2017
1.0|Zack Moss|SO|RB|7|105|534|5.09|3|15.00|76.29|732|2017
2.0|Tyler Huntley|SO|QB|5|64|242|3.78|3|12.80|48.40|732|2017
3.0|Devonta'e Henry-Cole|SO|RB|6|32|171|5.34|2|5.33|28.50|732|2017
4.0|Troy McCormick, Jr.|SR|RB|7|8|63|7.88|0|1.14|9.00|732|2017
5.0|Troy Williams|SR|QB|5|28|49|1.75|2|5.60|9.80|732|2017
6.0|Jordan Howard|SR|RB|3|8|35|4.38|0|2.67|11.67|732|2017
7.0|Kyle Fulks|SR|WR|7|3|29|9.67|0|0.43|4.14|732|2017
8.0|Samson Nacua|FR|WR|7|1|3|3.00|0|0.14|0.43|732|2017
9.0|Sunia Tauteoli|SR|LB|6|1|1|1.00|0|0.17|0.17|732|2017
10.0|Demari Simpkins|SO|WR|7|1|-3|-3.00|0|0.14|-0.43|732|2017
11.0|Team|||6|9|-41|-4.56|0|1.50|-6.83|732|2017
|Total|||7|260|1083|4.17|10|37.14|154.71|732|2017
|Opponents|||7|241|923|3.83|8|34.43|131.86|732|2017
1.0|LaJuan Hunt|SR|RB|8|97|404|4.16|5|12.13|50.50|731|2017
2.0|Eltoro Allen|JR|RB|8|67|278|4.15|1|8.38|34.75|731|2017
3.0|Kent Myers|SR|QB|8|75|259|3.45|5|9.38|32.38|731|2017
4.0|Justen Hervey|JR|RB|8|25|110|4.40|1|3.13|13.75|731|2017
5.0|Jordan Love|FR|QB|7|15|63|4.20|1|2.14|9.00|731|2017
6.0|Tre Miller|FR|RB|2|13|53|4.08|0|6.50|26.50|731|2017
7.0|Jordan Nathan|FR|WR|8|6|30|5.00|0|0.75|3.75|731|2017
8.0|Tonny Lindsey, Jr.|SR|RB|1|6|28|4.67|0|6.00|28.00|731|2017
9.0|Aaren Vaughns|JR|WR|7|2|22|11.00|0|0.29|3.14|731|2017
10.0|Jacoby Wildman|SO|DL|8|1|11|11.00|0|0.13|1.38|731|2017
11.0|Savon Scarver|FR|WR|8|3|11|3.67|0|0.38|1.38|731|2017
12.0|Ron'quavion Tarver|JR|WR|8|0|9|-|0|-|-|731|2017
13.0|Chad Artist|SO|WR|1|1|7|7.00|0|1.00|7.00|731|2017
14.0|Gerold Bright|SO|WR|7|1|6|6.00|0|0.14|0.86|731|2017
15.0|DJ Nelson|JR|QB|7|2|1|0.50|1|0.29|0.14|731|2017
16.0|Braelon Roberts|SR|WR|8|1|0|0.00|0|0.13|0.00|731|2017
17.0|Jaren Colston-Green|SR|WR|6|1|-3|-3.00|0|0.17|-0.50|731|2017
18.0|Team|||3|5|-18|-3.60|0|1.67|-6.00|731|2017
|Total|||8|321|1271|3.96|14|40.13|158.88|731|2017
|Opponents|||8|366|1632|4.46|14|45.75|204.00|731|2017
1.0|Ralph Webb|SR|RB|7|110|408|3.71|5|15.71|58.29|736|2017
2.0|Khari Blasingame|JR|RB|7|43|140|3.26|0|6.14|20.00|736|2017
3.0|Jamauri Wakefield|FR|RB|6|19|83|4.37|0|3.17|13.83|736|2017
4.0|Donaven Tennyson|SO|WR|5|1|48|48.00|0|0.20|9.60|736|2017
5.0|Trent Sherfield|SR|WR|7|2|18|9.00|0|0.29|2.57|736|2017
6.0|C.J. Duncan|SR|WR|7|0|10|-|0|-|-|736|2017
7.0|Sam Dobbs|JR|TE|7|1|10|10.00|0|0.14|1.43|736|2017
8.0|Kalija Lipscomb|SO|WR|7|2|6|3.00|0|0.29|0.86|736|2017
9.0|Team|||3|5|-6|-1.20|0|1.67|-2.00|736|2017
10.0|Kyle Shurmur|JR|QB|7|14|-69|-4.93|2|2.00|-9.86|736|2017
|Total|||7|197|648|3.29|7|28.14|92.57|736|2017
|Opponents|||7|305|1698|5.57|19|43.57|242.57|736|2017
1.0|Jordan Ellis|JR|RB|7|142|602|4.24|5|20.29|86.00|746|2017
2.0|Olamide Zaccheaus|JR|RB|7|16|142|8.88|1|2.29|20.29|746|2017
3.0|Daniel Hamm|SR|RB|7|24|86|3.58|1|3.43|12.29|746|2017
4.0|Joe Reed|SO|WR|6|6|32|5.33|1|1.00|5.33|746|2017
5.0|De'Vante Cross|FR|QB|7|5|27|5.40|0|0.71|3.86|746|2017
6.0|PK Kier|FR|RB|7|2|16|8.00|0|0.29|2.29|746|2017
7.0|Chris Sharp|SO|RB|7|6|10|1.67|0|0.86|1.43|746|2017
8.0|Nash Griffin|FR|K|4|1|3|3.00|0|0.25|0.75|746|2017
9.0|Lamont Atkins|FR|RB|7|1|1|1.00|0|0.14|0.14|746|2017
10.0|Kurt Benkert|SR|QB|7|27|-18|-0.67|0|3.86|-2.57|746|2017
11.0|Team|||4|9|-37|-4.11|0|2.25|-9.25|746|2017
|Total|||7|239|864|3.62|8|34.14|123.43|746|2017
|Opponents|||7|261|1095|4.20|9|37.29|156.43|746|2017
1.0|Travon McMillian|JR|RB|7|66|324|4.91|2|9.43|46.29|742|2017
2.0|Coleman Fox|SO|RB|6|36|211|5.86|1|6.00|35.17|742|2017
3.0|Josh Jackson|FR|QB|7|60|173|2.88|1|8.57|24.71|742|2017
4.0|Deshawn McClease|SO|RB|6|38|159|4.18|2|6.33|26.50|742|2017
5.0|Steven Peoples|JR|RB|4|36|133|3.69|2|9.00|33.25|742|2017
6.0|AJ Bush|JR|QB|3|13|116|8.92|0|4.33|38.67|742|2017
7.0|Jalen Holston|FR|RB|6|34|95|2.79|2|5.67|15.83|742|2017
8.0|Sean Savoy|FR|WR|7|13|44|3.38|1|1.86|6.29|742|2017
9.0|Kalil Pimpleton|FR|WR|4|1|4|4.00|0|0.25|1.00|742|2017
10.0|Henri Murphy|JR|WR|5|1|3|3.00|0|0.20|0.60|742|2017
11.0|James Clark|SR|WR|4|3|2|0.67|0|0.75|0.50|742|2017
12.0|Hezekiah Grimsley|FR|WR|6|1|1|1.00|0|0.17|0.17|742|2017
13.0|C.J. Carroll|JR|WR|5|5|-1|-0.20|0|1.00|-0.20|742|2017
14.0|Team|||4|7|-11|-1.57|0|1.75|-2.75|742|2017
|Total|||7|314|1253|3.99|11|44.86|179.00|742|2017
|Opponents|||7|254|785|3.09|2|36.29|112.14|742|2017
1.0|John Wolford|SR|QB|6|70|327|4.67|5|11.67|54.50|749|2017
2.0|Arkeem Byrd|FR|RB|7|55|304|5.53|1|7.86|43.43|749|2017
3.0|Cade Carney|SO|RB|6|55|215|3.91|1|9.17|35.83|749|2017
4.0|Matt Colburn II|JR|RB|7|48|183|3.81|2|6.86|26.14|749|2017
5.0|Kendall Hinton|SO|QB|3|37|118|3.19|1|12.33|39.33|749|2017
6.0|Isaiah Robinson|JR|RB|2|19|61|3.21|0|9.50|30.50|749|2017
7.0|Greg Dortch|FR|WR|7|6|15|2.50|0|0.86|2.14|749|2017
8.0|Jamie Newman|FR|QB|2|1|5|5.00|0|0.50|2.50|749|2017
9.0|Tabari Hines|JR|WR|7|1|-4|-4.00|0|0.14|-0.57|749|2017
10.0|Team|||5|4|-20|-5.00|0|0.80|-4.00|749|2017
|Total|||7|296|1204|4.07|10|42.29|172.00|749|2017
|Opponents|||7|309|1279|4.14|9|44.14|182.71|749|2017
1.0|Myles Gaskin|JR|RB|7|104|626|6.02|8|14.86|89.43|756|2017
2.0|Lavon Coleman|SR|RB|6|42|200|4.76|1|7.00|33.33|756|2017
3.0|Salvon Ahmed|FR|RB|7|37|174|4.70|2|5.29|24.86|756|2017
4.0|Sean McGrew|FR|RB|6|14|50|3.57|2|2.33|8.33|756|2017
5.0|Jake Browning|JR|QB|7|31|41|1.32|4|4.43|5.86|756|2017
6.0|Ralph Kinne|SR|RB|1|3|9|3.00|0|3.00|9.00|756|2017
7.0|Chico McClatcher|JR|WR|3|2|9|4.50|0|0.67|3.00|756|2017
8.0|Trey Adams|JR|OL|7|1|9|9.00|0|0.14|1.29|756|2017
9.0|Kamari Pleasant|FR|RB|2|1|5|5.00|0|0.50|2.50|756|2017
10.0|Quinten Pounds|SO|WR|7|1|0|0.00|0|0.14|0.00|756|2017
11.0|Daniel Bridge-Gadd|FR|QB|1|1|-1|-1.00|0|1.00|-1.00|756|2017
12.0|Team|||2|2|-4|-2.00|0|1.00|-2.00|756|2017
13.0|K.J. Carta-Samuels|JR|QB|6|1|-6|-6.00|0|0.17|-1.00|756|2017
|Total|||7|240|1112|4.63|17|34.29|158.86|756|2017
|Opponents|||7|235|511|2.17|3|33.57|73.00|756|2017
1.0|Jamal Morrow|SR|RB|8|56|412|7.36|3|7.00|51.50|754|2017
2.0|James Williams|SO|RB|8|72|308|4.28|1|9.00|38.50|754|2017
3.0|Gerard Wicks|SR|RB|8|28|134|4.79|1|3.50|16.75|754|2017
4.0|Keith Harrington|JR|RB|8|5|20|4.00|0|0.63|2.50|754|2017
5.0|Team|||2|2|-4|-2.00|0|1.00|-2.00|754|2017
6.0|Tyler Hilinski|SO|QB|6|6|-75|-12.50|0|1.00|-12.50|754|2017
7.0|Luke Falk|SR|QB|8|49|-82|-1.67|0|6.13|-10.25|754|2017
|Total|||8|218|713|3.27|5|27.25|89.13|754|2017
|Opponents|||8|279|961|3.44|10|34.88|120.13|754|2017
1.0|Justin Crawford|SR|RB|7|104|639|6.14|7|14.86|91.29|768|2017
2.0|Kennedy McKoy|SO|RB|6|52|306|5.88|3|8.67|51.00|768|2017
3.0|Martell Pettaway|SO|RB|7|26|103|3.96|1|3.71|14.71|768|2017
4.0|Will Grier|JR|QB|7|49|98|2.00|2|7.00|14.00|768|2017
5.0|Tevin Bush|FR|RB|6|20|81|4.05|0|3.33|13.50|768|2017
6.0|Elijah Wellman|SR|TE|7|2|9|4.50|0|0.29|1.29|768|2017
7.0|Team|||5|2|-4|-2.00|0|0.40|-0.80|768|2017
8.0|Chris Chugunov|SO|QB|2|2|-4|-2.00|0|1.00|-2.00|768|2017
|Total|||7|257|1228|4.78|13|36.71|175.43|768|2017
|Opponents|||7|282|1391|4.93|11|40.29|198.71|768|2017
1.0|Quinton Baker|SO|RB|5|53|214|4.04|1|10.60|42.80|772|2017
2.0|D'Andre Ferby|JR|RB|5|45|151|3.36|2|9.00|30.20|772|2017
3.0|Jakairi Moses|FR|RB|5|40|148|3.70|2|8.00|29.60|772|2017
4.0|Marquez Trigg|SO|RB|6|45|147|3.27|2|7.50|24.50|772|2017
5.0|Jahcour Pearson|FR|WR|6|2|14|7.00|0|0.33|2.33|772|2017
6.0|Drew Eckels|JR|QB|4|5|13|2.60|0|1.25|3.25|772|2017
7.0|Cameron Echols-Luper|SR|WR|6|2|6|3.00|0|0.33|1.00|772|2017
8.0|Marcelis Logan|JR|RB|1|1|0|0.00|0|1.00|0.00|772|2017
9.0|Team|||4|3|-13|-4.33|0|0.75|-3.25|772|2017
10.0|Nacarius Fant|SR|WR|7|1|-21|-21.00|0|0.14|-3.00|772|2017
11.0|Mike White|SR|QB|7|30|-92|-3.07|5|4.29|-13.14|772|2017
|Total|||7|227|567|2.50|12|32.43|81.00|772|2017
|Opponents|||7|251|1126|4.49|12|35.86|160.86|772|2017
1.0|Jarvion Franklin|SR|RB|8|145|642|4.43|7|18.13|80.25|774|2017
2.0|Jamauri Bogan|JR|RB|8|103|536|5.20|2|12.88|67.00|774|2017
3.0|LeVante Bellamy|SO|RB|6|49|394|8.04|3|8.17|65.67|774|2017
4.0|Jon Wassink|SO|QB|8|41|126|3.07|3|5.13|15.75|774|2017
5.0|Davon Tucker|SO|RB|8|28|119|4.25|2|3.50|14.88|774|2017
6.0|Leo Ekwoge|JR|RB|6|4|34|8.50|0|0.67|5.67|774|2017
7.0|Reece Goddard|FR|QB|4|8|17|2.13|0|2.00|4.25|774|2017
8.0|Darius Phillips|SR|DB|8|1|8|8.00|0|0.13|1.00|774|2017
9.0|D'Wayne Eskridge|SO|WR|8|2|7|3.50|0|0.25|0.88|774|2017
10.0|Keishawn Watson|SO|WR|8|1|4|4.00|0|0.13|0.50|774|2017
11.0|Team|||3|1|-2|-2.00|0|0.33|-0.67|774|2017
|Total|||8|383|1885|4.92|17|47.88|235.63|774|2017
|Opponents|||8|284|1144|4.03|16|35.50|143.00|774|2017
1.0|Jonathan Taylor|FR|RB|7|149|1112|7.46|11|21.29|158.86|796|2017
2.0|Bradrick Shaw|SO|RB|6|62|239|3.85|2|10.33|39.83|796|2017
3.0|Garrett Groshek|FR|RB|7|24|168|7.00|1|3.43|24.00|796|2017
4.0|Chris James|JR|RB|5|29|148|5.10|0|5.80|29.60|796|2017
5.0|Rachid Ibrahim|SR|RB|7|22|114|5.18|0|3.14|16.29|796|2017
6.0|Austin Ramesh|SR|RB|7|10|34|3.40|2|1.43|4.86|796|2017
7.0|Derrick Tindal|SR|DB|7|2|14|7.00|0|0.29|2.00|796|2017
8.0|Alec Ingold|JR|RB|7|4|13|3.25|0|0.57|1.86|796|2017
9.0|Jazz Peavy|SR|WR|5|3|7|2.33|0|0.60|1.40|796|2017
10.0|A.J. Taylor|SO|WR|7|2|5|2.50|0|0.29|0.71|796|2017
11.0|Danny Davis III|FR|WR|6|2|4|2.00|0|0.33|0.67|796|2017
12.0|Quintez Cephus|SO|WR|7|2|-1|-0.50|0|0.29|-0.14|796|2017
13.0|Team|||5|6|-8|-1.33|0|1.20|-1.60|796|2017
14.0|Alex Hornibrook|SO|QB|7|11|-51|-4.64|0|1.57|-7.29|796|2017
|Total|||7|328|1798|5.48|16|46.86|256.86|796|2017
|Opponents|||7|209|616|2.95|2|29.86|88.00|796|2017
1.0|Trey Woods|FR|RB|6|78|325|4.17|1|13.00|54.17|811|2017
2.0|Josh Allen|JR|QB|7|64|142|2.22|3|9.14|20.29|811|2017
3.0|Kellen Overstreet|SO|RB|7|31|114|3.68|1|4.43|16.29|811|2017
4.0|Milo Hall|SO|RB|7|33|90|2.73|0|4.71|12.86|811|2017
5.0|Avante' Cox|FR|WR|6|2|14|7.00|0|0.33|2.33|811|2017
6.0|Nico Evans|JR|RB|7|6|12|2.00|0|0.86|1.71|811|2017
7.0|Austin Conway|SO|WR|7|6|7|1.17|1|0.86|1.00|811|2017
8.0|Jaylon Watson|SO|RB|7|0|1|-|0|-|-|811|2017
9.0|C.J. Johnson|SO|WR|7|1|-1|-1.00|0|0.14|-0.14|811|2017
10.0|Team|||3|3|-6|-2.00|0|1.00|-2.00|811|2017
|Total|||7|224|698|3.12|6|32.00|99.71|811|2017
|Opponents|||7|328|1220|3.72|11|46.86|174.29|811|2017
